{
  "S": 293,
  "K": 32,
  "D": 64,
  "var_total": 105.94013214111328,
  "var_subject": 16.65230369567871,
  "var_within": 89.28782844543457,
  "eta_sq": 0.1571859819232402,
  "var_stimulus": 0.5670672059059143,
  "var_residual": 88.72076123952866,
  "eta_sq_stimulus": 0.005352713786977114,
  "stim_frac_of_within": 0.00635100232337333,
  "trace_identity_residual": 0.0,
  "eigvals_total": [
    30.558352391766032,
    27.8564645588032,
    13.549032265461602,
    8.131375576410893,
    7.661888909165377,
    6.151231141829101,
    4.779418133713125,
    3.5662684173541024,
    2.0942575902018112,
    0.5551105445201394,
    0.23367772227924713,
    0.18611289336329404,
    0.14907248831658212,
    0.08192162410605966,
    0.05605835575235624,
    0.04158779115403204,
    0.03726156197689879,
    0.03142727242519404,
    0.0270761840123616,
    0.026797594964516815,
    0.016475580967176957,
    0.015319417209707305,
    0.013869107681731415,
    0.012866332934854929,
    0.01199591688555242,
    0.010379079941415023,
    0.009154199775526726,
    0.008800311013992155,
    0.007358825719439478,
    0.006257922160846093,
    0.00598255616510745,
    0.005947062289395581,
    0.004788880530022488,
    0.004447716237061047,
    0.004040958285693992,
    0.00351765693196454,
    0.003257391495755106,
    0.002948867031059362,
    0.0027651662129593206,
    0.002606603700294593
  ],
  "eigvals_subject": [
    8.657110886650408,
    2.6019881476115327,
    1.8554947008594505,
    1.2077673586540136,
    1.1857556171172863,
    0.6564971310932066,
    0.14925379706792205,
    0.11733395752054362,
    0.07726025466556867,
    0.06493432722408254,
    0.030140694120556866,
    0.016193806153365534,
    0.009079220463498835,
    0.004849248713993933,
    0.00400403649444486,
    0.002756323590371425,
    0.00216295628880792,
    0.001687449121083953,
    0.001356399063400664,
    0.001006750283737092,
    0.0008931224843679221,
    0.0007607789869024203,
    0.0006721317418409324,
    0.0005820114179179545,
    0.000543275530991093,
    0.00048395475171957307,
    0.00042403554436337714,
    0.0003616764521564379,
    0.00032297539653420925,
    0.0002772016528165529,
    0.00023920647424436513,
    0.0002116325458686835,
    0.00018527293122147157,
    0.00017125861179263452,
    0.00014717555011318836,
    0.00013837689954635952,
    0.0001184587325735844,
    0.00010650683662623835,
    8.971387087482187e-05,
    8.284698891462862e-05
  ],
  "eigvals_within": [
    29.00932361488249,
    23.26584235091976,
    9.728242386182433,
    7.09177790318354,
    6.016926179616141,
    4.551182175712304,
    4.092787171866694,
    2.9728344976751577,
    1.2168459599039685,
    0.5014955674269597,
    0.17126511388627924,
    0.15417097348071887,
    0.08359496950022043,
    0.0777557677914357,
    0.04947836690578801,
    0.03859055470537738,
    0.03374843953107489,
    0.028320868770158755,
    0.025485424960101945,
    0.023708703368723796,
    0.015398770992656713,
    0.013933633296852372,
    0.01274766926085032,
    0.011932255930826046,
    0.010905319709486423,
    0.009810376486985734,
    0.008550812368110512,
    0.008117147113552861,
    0.006946138727787835,
    0.005878783444234531,
    0.005611398688930922,
    0.005219077066470705,
    0.0044264302361376314,
    0.00419683102919957,
    0.0036604333648050545,
    0.0033216462088759276,
    0.003034677321362929,
    0.0027053265280324087,
    0.0025300785407602706,
    0.0024002288324252302
  ],
  "eff_rank_total": 7.0717353617343255,
  "eff_rank_subject": 4.667344908136991,
  "eff_rank_within": 6.71799758548916,
  "principal_angles_deg": {
    "k=1": [
      83.08482854941052
    ],
    "k=2": [
      68.91361984937856,
      46.890805009370794
    ],
    "k=5": [
      77.43446592406039,
      53.417139634841895,
      22.18390494652947,
      5.158609125914072,
      2.5175905354575536
    ],
    "k=10": [
      84.73690373384595,
      23.992969068490705,
      5.347834546966431,
      2.9926257148998126,
      1.8735137381498814,
      1.6514171511958515,
      1.3960037776686842,
      1.0092842468556815,
      0.6509444575203521,
      0.5997660228177429
    ]
  },
  "checkpoint": "/u/dtyoung/eb_jepa_eeg/checkpoints/eeg_jepa/dev_2026-04-10_16-00/eeg_jepa_bs64_lr0.0005_sigreg1.0_nw1_ws1s_seed2025/latest.pth.tar",
  "run_name": "eeg_jepa_bs64_lr0.0005_sigreg1.0_nw1_ws1s_seed2025",
  "split": "val",
  "n_windows": 1,
  "window_size_seconds": 1,
  "n_clips_per_rec": 32,
  "embed_dim": 64,
  "encoder_depth": 2
}