{
  "model": "biot",
  "seed": 456,
  "n_chans": 16,
  "n_times": 400,
  "target_sfreq": 200.0,
  "n_params": 3186706,
  "metrics": {
    "val/reg_contrast_rms_corr": 0.0733773335814476,
    "val/reg_luminance_mean_corr": 0.165768563747406,
    "val/reg_position_in_movie_corr": 0.13130798935890198,
    "val/reg_narrative_event_score_corr": 0.01973302848637104,
    "val/cls_contrast_rms_acc": 0.4709897610921502,
    "val/cls_contrast_rms_bal_acc": 0.4763170163170163,
    "val/cls_contrast_rms_auc": 0.4662937062937063,
    "val/cls_luminance_mean_acc": 0.552901023890785,
    "val/cls_luminance_mean_bal_acc": 0.5530620805369127,
    "val/cls_luminance_mean_auc": 0.5719146159582401,
    "val/cls_position_in_movie_acc": 0.5597269624573379,
    "val/cls_position_in_movie_bal_acc": 0.5624123422159888,
    "val/cls_position_in_movie_auc": 0.5575502571294998,
    "val/cls_narrative_event_score_acc": 0.7713310580204779,
    "val/cls_narrative_event_score_bal_acc": 0.4977973568281938,
    "val/cls_narrative_event_score_auc": 0.5517954879188359,
    "test/reg_contrast_rms_corr": -0.02119790017604828,
    "test/reg_luminance_mean_corr": 0.04649690166115761,
    "test/reg_position_in_movie_corr": 0.062413789331912994,
    "test/reg_narrative_event_score_corr": -0.04263835772871971,
    "test/cls_contrast_rms_acc": 0.46296296296296297,
    "test/cls_contrast_rms_bal_acc": 0.4757481940144479,
    "test/cls_contrast_rms_auc": 0.4582043343653251,
    "test/cls_luminance_mean_acc": 0.48148148148148145,
    "test/cls_luminance_mean_bal_acc": 0.4855769230769231,
    "test/cls_luminance_mean_auc": 0.5099587912087912,
    "test/cls_position_in_movie_acc": 0.48148148148148145,
    "test/cls_position_in_movie_bal_acc": 0.5127840909090908,
    "test/cls_position_in_movie_auc": 0.5209517045454546,
    "test/cls_narrative_event_score_acc": 0.75,
    "test/cls_narrative_event_score_bal_acc": 0.5,
    "test/cls_narrative_event_score_auc": 0.6296296296296297,
    "val/subject/age_reg/mae": 2.2362870707124576,
    "val/subject/age_reg/corr": 0.5740416788162622,
    "val/subject/age_reg/r2": 0.32680210392055875,
    "val/subject/age_cls/bal_acc": 0.6701759311248362,
    "val/subject/age_cls/auc": 0.7531349429159649,
    "val/subject/sex/bal_acc": 0.6502925777640899,
    "val/subject/sex/auc": 0.819782363207063,
    "test/subject/age_reg/mae": 2.368307935933714,
    "test/subject/age_reg/corr": 0.5682780071755456,
    "test/subject/age_reg/r2": 0.30033138113270164,
    "test/subject/age_cls/bal_acc": 0.7252747252747254,
    "test/subject/age_cls/auc": 0.8152472527472528,
    "test/subject/sex/bal_acc": 0.5411255411255411,
    "test/subject/sex/auc": 0.6435786435786436
  }
}