{
  "model": "biot",
  "seed": 123,
  "n_chans": 16,
  "n_times": 400,
  "target_sfreq": 200.0,
  "n_params": 3186706,
  "metrics": {
    "val/reg_contrast_rms_corr": 0.08583027124404907,
    "val/reg_luminance_mean_corr": 0.12134178727865219,
    "val/reg_position_in_movie_corr": 0.15485058724880219,
    "val/reg_narrative_event_score_corr": 0.09116987884044647,
    "val/cls_contrast_rms_acc": 0.5563139931740614,
    "val/cls_contrast_rms_bal_acc": 0.5599575271354412,
    "val/cls_contrast_rms_auc": 0.5540821142048136,
    "val/cls_luminance_mean_acc": 0.5699658703071673,
    "val/cls_luminance_mean_bal_acc": 0.5562517600675866,
    "val/cls_luminance_mean_auc": 0.5866422603961325,
    "val/cls_position_in_movie_acc": 0.5460750853242321,
    "val/cls_position_in_movie_bal_acc": 0.5435302390998593,
    "val/cls_position_in_movie_auc": 0.5445850914205345,
    "val/cls_narrative_event_score_acc": 0.726962457337884,
    "val/cls_narrative_event_score_bal_acc": 0.5,
    "val/cls_narrative_event_score_auc": 0.5120892018779343,
    "test/reg_contrast_rms_corr": 0.0890803337097168,
    "test/reg_luminance_mean_corr": 0.16377820074558258,
    "test/reg_position_in_movie_corr": 0.04303358122706413,
    "test/reg_narrative_event_score_corr": -0.01262196246534586,
    "test/cls_contrast_rms_acc": 0.4722222222222222,
    "test/cls_contrast_rms_bal_acc": 0.4722222222222222,
    "test/cls_contrast_rms_auc": 0.47016460905349794,
    "test/cls_luminance_mean_acc": 0.5092592592592593,
    "test/cls_luminance_mean_bal_acc": 0.48744332054412276,
    "test/cls_luminance_mean_auc": 0.4795953958841995,
    "test/cls_position_in_movie_acc": 0.5277777777777778,
    "test/cls_position_in_movie_bal_acc": 0.5013951866062085,
    "test/cls_position_in_movie_auc": 0.4900592954307639,
    "test/cls_narrative_event_score_acc": 0.7129629629629629,
    "test/cls_narrative_event_score_bal_acc": 0.5,
    "test/cls_narrative_event_score_auc": 0.38542103058232086,
    "val/subject/age_reg/mae": 2.2031477877229553,
    "val/subject/age_reg/corr": 0.579477201483843,
    "val/subject/age_reg/r2": 0.33274150692220406,
    "val/subject/age_cls/bal_acc": 0.6948343627175744,
    "val/subject/age_cls/auc": 0.7536496350364964,
    "val/subject/sex/bal_acc": 0.603557129658146,
    "val/subject/sex/auc": 0.8095678061800636,
    "test/subject/age_reg/mae": 2.365739155861184,
    "test/subject/age_reg/corr": 0.5712072233430789,
    "test/subject/age_reg/r2": 0.2963459342792645,
    "test/subject/age_cls/bal_acc": 0.7252747252747254,
    "test/subject/age_cls/auc": 0.8125,
    "test/subject/sex/bal_acc": 0.5173160173160174,
    "test/subject/sex/auc": 0.6623376623376623
  }
}