{
  "model": "biot",
  "seed": 42,
  "n_chans": 16,
  "n_times": 400,
  "target_sfreq": 200.0,
  "n_params": 3186706,
  "metrics": {
    "val/reg_contrast_rms_corr": 0.14588601887226105,
    "val/reg_luminance_mean_corr": 0.12471959739923477,
    "val/reg_position_in_movie_corr": 0.12696970999240875,
    "val/reg_narrative_event_score_corr": 0.022051215171813965,
    "val/cls_contrast_rms_acc": 0.5426621160409556,
    "val/cls_contrast_rms_bal_acc": 0.5391937290033595,
    "val/cls_contrast_rms_auc": 0.5425065322881673,
    "val/cls_luminance_mean_acc": 0.5187713310580204,
    "val/cls_luminance_mean_bal_acc": 0.5013044303197041,
    "val/cls_luminance_mean_auc": 0.5014704487240299,
    "val/cls_position_in_movie_acc": 0.5358361774744027,
    "val/cls_position_in_movie_bal_acc": 0.5272084970990081,
    "val/cls_position_in_movie_auc": 0.5498315553060079,
    "val/cls_narrative_event_score_acc": 0.7679180887372014,
    "val/cls_narrative_event_score_bal_acc": 0.497787610619469,
    "val/cls_narrative_event_score_auc": 0.5081231013076212,
    "test/reg_contrast_rms_corr": -0.04433741047978401,
    "test/reg_luminance_mean_corr": 0.018928734585642815,
    "test/reg_position_in_movie_corr": -0.030623536556959152,
    "test/reg_narrative_event_score_corr": -0.047926414757966995,
    "test/cls_contrast_rms_acc": 0.5185185185185185,
    "test/cls_contrast_rms_bal_acc": 0.5208333333333333,
    "test/cls_contrast_rms_auc": 0.49722222222222223,
    "test/cls_luminance_mean_acc": 0.5370370370370371,
    "test/cls_luminance_mean_bal_acc": 0.5042075736325385,
    "test/cls_luminance_mean_auc": 0.48807854137447404,
    "test/cls_position_in_movie_acc": 0.5092592592592593,
    "test/cls_position_in_movie_bal_acc": 0.4752354377397977,
    "test/cls_position_in_movie_auc": 0.5280781304499477,
    "test/cls_narrative_event_score_acc": 0.7129629629629629,
    "test/cls_narrative_event_score_bal_acc": 0.5,
    "test/cls_narrative_event_score_auc": 0.6045245077503142,
    "val/subject/age_reg/mae": 2.2370108884192983,
    "val/subject/age_reg/corr": 0.5670003256977892,
    "val/subject/age_reg/r2": 0.316576048245124,
    "val/subject/age_cls/bal_acc": 0.6920737413438143,
    "val/subject/age_cls/auc": 0.751497286168819,
    "val/subject/sex/bal_acc": 0.623498614105328,
    "val/subject/sex/auc": 0.8035622626013755,
    "test/subject/age_reg/mae": 2.392297952044452,
    "test/subject/age_reg/corr": 0.546757662089637,
    "test/subject/age_reg/r2": 0.2748643776635177,
    "test/subject/age_cls/bal_acc": 0.7342032967032968,
    "test/subject/age_cls/auc": 0.8114697802197802,
    "test/subject/sex/bal_acc": 0.5530303030303031,
    "test/subject/sex/auc": 0.6847041847041848
  }
}