{
  "model": "cbramod",
  "seed": 42,
  "n_chans": 19,
  "n_times": 400,
  "target_sfreq": 200.0,
  "n_params": 4939202,
  "metrics": {
    "val/reg_contrast_rms_corr": 0.11727866530418396,
    "val/reg_luminance_mean_corr": 0.10162227600812912,
    "val/reg_position_in_movie_corr": 0.1529725193977356,
    "val/reg_narrative_event_score_corr": 0.016011590138077736,
    "val/cls_contrast_rms_acc": 0.4880546075085324,
    "val/cls_contrast_rms_bal_acc": 0.5027020676691729,
    "val/cls_contrast_rms_auc": 0.5085526315789474,
    "val/cls_luminance_mean_acc": 0.5494880546075085,
    "val/cls_luminance_mean_bal_acc": 0.5463956333521551,
    "val/cls_luminance_mean_auc": 0.5447016751364577,
    "val/cls_position_in_movie_acc": 0.5494880546075085,
    "val/cls_position_in_movie_bal_acc": 0.5490214352283318,
    "val/cls_position_in_movie_auc": 0.5880242311276794,
    "val/cls_narrative_event_score_acc": 0.7440273037542662,
    "val/cls_narrative_event_score_bal_acc": 0.48444444444444446,
    "val/cls_narrative_event_score_auc": 0.5506535947712419,
    "test/reg_contrast_rms_corr": -0.05103915557265282,
    "test/reg_luminance_mean_corr": -0.010432187467813492,
    "test/reg_position_in_movie_corr": -0.04465610906481743,
    "test/reg_narrative_event_score_corr": 0.10985823720693588,
    "test/cls_contrast_rms_acc": 0.4074074074074074,
    "test/cls_contrast_rms_bal_acc": 0.4055727554179567,
    "test/cls_contrast_rms_auc": 0.3945648434812522,
    "test/cls_luminance_mean_acc": 0.48148148148148145,
    "test/cls_luminance_mean_bal_acc": 0.49256312694569354,
    "test/cls_luminance_mean_auc": 0.4697336561743342,
    "test/cls_position_in_movie_acc": 0.5,
    "test/cls_position_in_movie_bal_acc": 0.5077827741265998,
    "test/cls_position_in_movie_auc": 0.45831892078865444,
    "test/cls_narrative_event_score_acc": 0.6944444444444444,
    "test/cls_narrative_event_score_bal_acc": 0.5115384615384616,
    "test/cls_narrative_event_score_auc": 0.46965811965811965,
    "val/subject/age_reg/mae": 2.2945249317182213,
    "val/subject/age_reg/corr": 0.536929862467905,
    "val/subject/age_reg/r2": 0.2874823624384437,
    "val/subject/age_cls/bal_acc": 0.6792532285233015,
    "val/subject/age_cls/auc": 0.7594984091334457,
    "val/subject/sex/bal_acc": 0.6421055333128015,
    "val/subject/sex/auc": 0.8623344625808438,
    "test/subject/age_reg/mae": 2.5385341013307925,
    "test/subject/age_reg/corr": 0.5179452947751724,
    "test/subject/age_reg/r2": 0.2679660241386015,
    "test/subject/age_cls/bal_acc": 0.7005494505494505,
    "test/subject/age_cls/auc": 0.7973901098901099,
    "test/subject/sex/bal_acc": 0.6341991341991342,
    "test/subject/sex/auc": 0.7741702741702742
  }
}