{
  "model": "cbramod",
  "seed": 123,
  "n_chans": 19,
  "n_times": 400,
  "target_sfreq": 200.0,
  "n_params": 4939202,
  "metrics": {
    "val/reg_contrast_rms_corr": 0.09566481411457062,
    "val/reg_luminance_mean_corr": 0.16980646550655365,
    "val/reg_position_in_movie_corr": 0.23178794980049133,
    "val/reg_narrative_event_score_corr": 0.18666253983974457,
    "val/cls_contrast_rms_acc": 0.5392491467576792,
    "val/cls_contrast_rms_bal_acc": 0.542381174277726,
    "val/cls_contrast_rms_auc": 0.5581547064305685,
    "val/cls_luminance_mean_acc": 0.5324232081911263,
    "val/cls_luminance_mean_bal_acc": 0.5417718560074801,
    "val/cls_luminance_mean_auc": 0.5589995324918186,
    "val/cls_position_in_movie_acc": 0.552901023890785,
    "val/cls_position_in_movie_bal_acc": 0.5547780605032513,
    "val/cls_position_in_movie_auc": 0.5981057393271134,
    "val/cls_narrative_event_score_acc": 0.7133105802047781,
    "val/cls_narrative_event_score_bal_acc": 0.500553226182157,
    "val/cls_narrative_event_score_auc": 0.5900885161891452,
    "test/reg_contrast_rms_corr": 0.14820389449596405,
    "test/reg_luminance_mean_corr": 0.2862933278083801,
    "test/reg_position_in_movie_corr": 0.22513145208358765,
    "test/reg_narrative_event_score_corr": -0.03873037174344063,
    "test/cls_contrast_rms_acc": 0.5092592592592593,
    "test/cls_contrast_rms_bal_acc": 0.49375,
    "test/cls_contrast_rms_auc": 0.5038194444444445,
    "test/cls_luminance_mean_acc": 0.5277777777777778,
    "test/cls_luminance_mean_bal_acc": 0.52778730703259,
    "test/cls_luminance_mean_auc": 0.5485420240137222,
    "test/cls_position_in_movie_acc": 0.5833333333333334,
    "test/cls_position_in_movie_bal_acc": 0.5804953560371517,
    "test/cls_position_in_movie_auc": 0.5933952528379773,
    "test/cls_narrative_event_score_acc": 0.7037037037037037,
    "test/cls_narrative_event_score_bal_acc": 0.48660714285714285,
    "test/cls_narrative_event_score_auc": 0.5053571428571428,
    "val/subject/age_reg/mae": 2.296273649810687,
    "val/subject/age_reg/corr": 0.534607212411866,
    "val/subject/age_reg/r2": 0.2846586656495067,
    "val/subject/age_cls/bal_acc": 0.6792532285233015,
    "val/subject/age_cls/auc": 0.7600598914467528,
    "val/subject/sex/bal_acc": 0.6421055333128015,
    "val/subject/sex/auc": 0.8630017452006982,
    "test/subject/age_reg/mae": 2.544345262795907,
    "test/subject/age_reg/corr": 0.5150638570603752,
    "test/subject/age_reg/r2": 0.2649470692881719,
    "test/subject/age_cls/bal_acc": 0.7005494505494505,
    "test/subject/age_cls/auc": 0.7967032967032968,
    "test/subject/sex/bal_acc": 0.6417748917748918,
    "test/subject/sex/auc": 0.772005772005772
  }
}