{
  "model": "cbramod",
  "seed": 456,
  "n_chans": 19,
  "n_times": 400,
  "target_sfreq": 200.0,
  "n_params": 4939202,
  "metrics": {
    "val/reg_contrast_rms_corr": 0.1210319995880127,
    "val/reg_luminance_mean_corr": 0.10676164925098419,
    "val/reg_position_in_movie_corr": 0.11259491741657257,
    "val/reg_narrative_event_score_corr": 0.06218189373612404,
    "val/cls_contrast_rms_acc": 0.5733788395904437,
    "val/cls_contrast_rms_bal_acc": 0.5742078285181733,
    "val/cls_contrast_rms_auc": 0.5724603914259087,
    "val/cls_luminance_mean_acc": 0.5085324232081911,
    "val/cls_luminance_mean_bal_acc": 0.5000932400932401,
    "val/cls_luminance_mean_auc": 0.5250815850815851,
    "val/cls_position_in_movie_acc": 0.5767918088737202,
    "val/cls_position_in_movie_bal_acc": 0.5683706816059757,
    "val/cls_position_in_movie_auc": 0.5966386554621849,
    "val/cls_narrative_event_score_acc": 0.7235494880546075,
    "val/cls_narrative_event_score_bal_acc": 0.4930232558139535,
    "val/cls_narrative_event_score_auc": 0.49695885509839,
    "test/reg_contrast_rms_corr": -0.17177751660346985,
    "test/reg_luminance_mean_corr": -0.018461868166923523,
    "test/reg_position_in_movie_corr": -0.06161613389849663,
    "test/reg_narrative_event_score_corr": 0.1513006091117859,
    "test/cls_contrast_rms_acc": 0.4166666666666667,
    "test/cls_contrast_rms_bal_acc": 0.42582417582417587,
    "test/cls_contrast_rms_auc": 0.4227335164835165,
    "test/cls_luminance_mean_acc": 0.5,
    "test/cls_luminance_mean_bal_acc": 0.5164835164835165,
    "test/cls_luminance_mean_auc": 0.5182005494505495,
    "test/cls_position_in_movie_acc": 0.48148148148148145,
    "test/cls_position_in_movie_bal_acc": 0.49948114839156,
    "test/cls_position_in_movie_auc": 0.5198893116568661,
    "test/cls_narrative_event_score_acc": 0.7870370370370371,
    "test/cls_narrative_event_score_bal_acc": 0.4941860465116279,
    "test/cls_narrative_event_score_auc": 0.604122621564482,
    "val/subject/age_reg/mae": 2.2954449231040357,
    "val/subject/age_reg/corr": 0.5353356638042159,
    "val/subject/age_reg/r2": 0.2855655068963714,
    "val/subject/age_cls/bal_acc": 0.6792532285233015,
    "val/subject/age_cls/auc": 0.7592644581695677,
    "val/subject/sex/bal_acc": 0.6421055333128015,
    "val/subject/sex/auc": 0.863104404065291,
    "test/subject/age_reg/mae": 2.5471447119394934,
    "test/subject/age_reg/corr": 0.515154873092688,
    "test/subject/age_reg/r2": 0.2650560191341136,
    "test/subject/age_cls/bal_acc": 0.7005494505494505,
    "test/subject/age_cls/auc": 0.7963598901098901,
    "test/subject/sex/bal_acc": 0.6341991341991342,
    "test/subject/sex/auc": 0.7745310245310245
  }
}