{
  "model": "luna",
  "seed": 42,
  "n_chans": 129,
  "n_times": 400,
  "target_sfreq": 200.0,
  "n_params": 7103549,
  "metrics": {
    "val/reg_contrast_rms_corr": 0.17307400703430176,
    "val/reg_luminance_mean_corr": 0.243165522813797,
    "val/reg_position_in_movie_corr": 0.11434250324964523,
    "val/reg_narrative_event_score_corr": -0.027826780453324318,
    "val/cls_contrast_rms_acc": 0.5392491467576792,
    "val/cls_contrast_rms_bal_acc": 0.5301550967018592,
    "val/cls_contrast_rms_auc": 0.5784359525366719,
    "val/cls_luminance_mean_acc": 0.5290102389078498,
    "val/cls_luminance_mean_bal_acc": 0.5262453007518797,
    "val/cls_luminance_mean_auc": 0.524718045112782,
    "val/cls_position_in_movie_acc": 0.4778156996587031,
    "val/cls_position_in_movie_bal_acc": 0.4811789772727273,
    "val/cls_position_in_movie_auc": 0.4885416666666666,
    "val/cls_narrative_event_score_acc": 0.7201365187713311,
    "val/cls_narrative_event_score_bal_acc": 0.5,
    "val/cls_narrative_event_score_auc": 0.5718414056178477,
    "test/reg_contrast_rms_corr": 0.2503848373889923,
    "test/reg_luminance_mean_corr": 0.1482803076505661,
    "test/reg_position_in_movie_corr": 0.17318665981292725,
    "test/reg_narrative_event_score_corr": -0.1802985817193985,
    "test/cls_contrast_rms_acc": 0.48148148148148145,
    "test/cls_contrast_rms_bal_acc": 0.48644939965694683,
    "test/cls_contrast_rms_auc": 0.5756432246998285,
    "test/cls_luminance_mean_acc": 0.46296296296296297,
    "test/cls_luminance_mean_bal_acc": 0.46346483704974273,
    "test/cls_luminance_mean_auc": 0.48336192109777015,
    "test/cls_position_in_movie_acc": 0.5092592592592593,
    "test/cls_position_in_movie_bal_acc": 0.4940392706872371,
    "test/cls_position_in_movie_auc": 0.5522440392706872,
    "test/cls_narrative_event_score_acc": 0.7314814814814815,
    "test/cls_narrative_event_score_bal_acc": 0.5,
    "test/cls_narrative_event_score_auc": 0.6119598428633783,
    "val/subject/age_reg/mae": 2.53591748754612,
    "val/subject/age_reg/corr": 0.38394388152021136,
    "val/subject/age_reg/r2": 0.14550978798299252,
    "val/subject/age_cls/bal_acc": 0.6320653191091148,
    "val/subject/age_cls/auc": 0.6470615758936927,
    "val/subject/sex/bal_acc": 0.5676265270506108,
    "val/subject/sex/auc": 0.7550046196489066,
    "test/subject/age_reg/mae": 2.759166067674425,
    "test/subject/age_reg/corr": 0.4463596042914729,
    "test/subject/age_reg/r2": 0.1911338838727782,
    "test/subject/age_cls/bal_acc": 0.6442307692307692,
    "test/subject/age_cls/auc": 0.7029532967032968,
    "test/subject/sex/bal_acc": 0.5010822510822511,
    "test/subject/sex/auc": 0.5858585858585859
  }
}