{
  "model": "luna",
  "seed": 123,
  "n_chans": 129,
  "n_times": 400,
  "target_sfreq": 200.0,
  "n_params": 7103549,
  "metrics": {
    "val/reg_contrast_rms_corr": 0.12332364171743393,
    "val/reg_luminance_mean_corr": 0.1338178813457489,
    "val/reg_position_in_movie_corr": 0.10647246241569519,
    "val/reg_narrative_event_score_corr": -0.05595485121011734,
    "val/cls_contrast_rms_acc": 0.5494880546075085,
    "val/cls_contrast_rms_bal_acc": 0.5235575121768453,
    "val/cls_contrast_rms_auc": 0.5616804046459347,
    "val/cls_luminance_mean_acc": 0.5017064846416383,
    "val/cls_luminance_mean_bal_acc": 0.5,
    "val/cls_luminance_mean_auc": 0.5449165967756965,
    "val/cls_position_in_movie_acc": 0.5051194539249146,
    "val/cls_position_in_movie_bal_acc": 0.5162997854677736,
    "val/cls_position_in_movie_auc": 0.5569443148959985,
    "val/cls_narrative_event_score_acc": 0.7064846416382252,
    "val/cls_narrative_event_score_bal_acc": 0.5,
    "val/cls_narrative_event_score_auc": 0.4820244916301539,
    "test/reg_contrast_rms_corr": 0.057975105941295624,
    "test/reg_luminance_mean_corr": 0.07640153169631958,
    "test/reg_position_in_movie_corr": 0.05714496225118637,
    "test/reg_narrative_event_score_corr": -0.05062166601419449,
    "test/cls_contrast_rms_acc": 0.4537037037037037,
    "test/cls_contrast_rms_bal_acc": 0.4411764705882353,
    "test/cls_contrast_rms_auc": 0.4368765049879601,
    "test/cls_luminance_mean_acc": 0.5277777777777778,
    "test/cls_luminance_mean_bal_acc": 0.5,
    "test/cls_luminance_mean_auc": 0.44822841417268666,
    "test/cls_position_in_movie_acc": 0.5462962962962963,
    "test/cls_position_in_movie_bal_acc": 0.5224835696990661,
    "test/cls_position_in_movie_auc": 0.5102040816326531,
    "test/cls_narrative_event_score_acc": 0.6388888888888888,
    "test/cls_narrative_event_score_bal_acc": 0.5,
    "test/cls_narrative_event_score_auc": 0.5287997027127462,
    "val/subject/age_reg/mae": 2.543931739562363,
    "val/subject/age_reg/corr": 0.3821340661975634,
    "val/subject/age_reg/r2": 0.1446420454083448,
    "val/subject/age_cls/bal_acc": 0.6260995695302265,
    "val/subject/age_cls/auc": 0.6481845405203069,
    "val/subject/sex/bal_acc": 0.5650087260034904,
    "val/subject/sex/auc": 0.755569243404168,
    "test/subject/age_reg/mae": 2.7569103415595158,
    "test/subject/age_reg/corr": 0.4585087343645192,
    "test/subject/age_reg/r2": 0.20138010472510737,
    "test/subject/age_cls/bal_acc": 0.6723901098901099,
    "test/subject/age_cls/auc": 0.7081043956043956,
    "test/subject/sex/bal_acc": 0.5530303030303031,
    "test/subject/sex/auc": 0.5714285714285714
  }
}