{
  "model": "luna",
  "seed": 456,
  "n_chans": 129,
  "n_times": 400,
  "target_sfreq": 200.0,
  "n_params": 7103549,
  "metrics": {
    "val/reg_contrast_rms_corr": 0.05375691503286362,
    "val/reg_luminance_mean_corr": 0.15550927817821503,
    "val/reg_position_in_movie_corr": 0.12671111524105072,
    "val/reg_narrative_event_score_corr": 0.03938044607639313,
    "val/cls_contrast_rms_acc": 0.4641638225255973,
    "val/cls_contrast_rms_bal_acc": 0.4654505637871587,
    "val/cls_contrast_rms_auc": 0.5013046314416177,
    "val/cls_luminance_mean_acc": 0.5631399317406144,
    "val/cls_luminance_mean_bal_acc": 0.557589411433399,
    "val/cls_luminance_mean_auc": 0.5907725523326762,
    "val/cls_position_in_movie_acc": 0.5324232081911263,
    "val/cls_position_in_movie_bal_acc": 0.5301314317673378,
    "val/cls_position_in_movie_auc": 0.5418297912005966,
    "val/cls_narrative_event_score_acc": 0.7508532423208191,
    "val/cls_narrative_event_score_bal_acc": 0.5,
    "val/cls_narrative_event_score_auc": 0.5357409713574097,
    "test/reg_contrast_rms_corr": 0.1763366013765335,
    "test/reg_luminance_mean_corr": 0.3152589499950409,
    "test/reg_position_in_movie_corr": 0.16638723015785217,
    "test/reg_narrative_event_score_corr": -0.026951080188155174,
    "test/cls_contrast_rms_acc": 0.48148148148148145,
    "test/cls_contrast_rms_bal_acc": 0.46852425180598556,
    "test/cls_contrast_rms_auc": 0.48297213622291024,
    "test/cls_luminance_mean_acc": 0.5925925925925926,
    "test/cls_luminance_mean_bal_acc": 0.5856295779560516,
    "test/cls_luminance_mean_auc": 0.6285315660969655,
    "test/cls_position_in_movie_acc": 0.5555555555555556,
    "test/cls_position_in_movie_bal_acc": 0.5714285714285714,
    "test/cls_position_in_movie_auc": 0.5975308641975309,
    "test/cls_narrative_event_score_acc": 0.7870370370370371,
    "test/cls_narrative_event_score_bal_acc": 0.5,
    "test/cls_narrative_event_score_auc": 0.3907928388746803,
    "val/subject/age_reg/mae": 2.5494945465400356,
    "val/subject/age_reg/corr": 0.38371707860907533,
    "val/subject/age_reg/r2": 0.145431846585787,
    "val/subject/age_cls/bal_acc": 0.6412361968931313,
    "val/subject/age_cls/auc": 0.6491203443758189,
    "val/subject/sex/bal_acc": 0.5672928857406837,
    "val/subject/sex/auc": 0.7616261164151525,
    "test/subject/age_reg/mae": 2.7463420497894284,
    "test/subject/age_reg/corr": 0.4488830279164815,
    "test/subject/age_reg/r2": 0.1956821888856053,
    "test/subject/age_cls/bal_acc": 0.6634615384615384,
    "test/subject/age_cls/auc": 0.7057005494505495,
    "test/subject/sex/bal_acc": 0.5010822510822511,
    "test/subject/sex/auc": 0.5887445887445888
  }
}