{
  "random_baseline": false,
  "split": "val",
  "n_recordings": 293,
  "n_windows_total": 29593,
  "encoder_dim": 1024,
  "features": {
    "luminance_mean": {
      "r2_mean": 0.05820163488388062,
      "r2_std": 0.01617380370968594,
      "n": 29593
    },
    "contrast_rms": {
      "r2_mean": 0.05021235942840576,
      "r2_std": 0.014897575488857905,
      "n": 29593
    },
    "edge_density": {
      "r2_mean": 0.015932023525238037,
      "r2_std": 0.004534607590261672,
      "n": 29593
    },
    "saturation_mean": {
      "r2_mean": 0.06083403825759888,
      "r2_std": 0.013454454921687696,
      "n": 29593
    },
    "entropy": {
      "r2_mean": 0.06634323596954346,
      "r2_std": 0.012867006619617745,
      "n": 29593
    },
    "motion_energy": {
      "r2_mean": 0.03117806911468506,
      "r2_std": 0.007670935671281568,
      "n": 29593
    },
    "n_faces": {
      "r2_mean": 0.013631927967071533,
      "r2_std": 0.001610629060302993,
      "n": 29593
    },
    "face_area_frac": {
      "r2_mean": 0.01624746322631836,
      "r2_std": 0.003625094365473006,
      "n": 29593
    },
    "depth_mean": {
      "r2_mean": 0.017373788356781005,
      "r2_std": 0.0052287656909638614,
      "n": 29593
    },
    "scene_natural_score": {
      "r2_mean": 0.027820074558258058,
      "r2_std": 0.00791082103675,
      "n": 29593
    },
    "position_in_movie": {
      "r2_mean": 0.03832532167434692,
      "r2_std": 0.02387231091722166,
      "n": 29593
    },
    "narrative_event_score": {
      "r2_mean": 0.009719347953796387,
      "r2_std": 0.0031609375578667384,
      "n": 29593
    }
  }
}