{
  "random_baseline": false,
  "split": "val",
  "n_recordings": 293,
  "n_windows_total": 29593,
  "encoder_dim": 1024,
  "features": {
    "luminance_mean": {
      "r2_mean": 0.04203610420227051,
      "r2_std": 0.01581294083805216,
      "n": 29593
    },
    "contrast_rms": {
      "r2_mean": 0.03374141454696655,
      "r2_std": 0.015499717858934906,
      "n": 29593
    },
    "edge_density": {
      "r2_mean": 0.008889758586883545,
      "r2_std": 0.004266810031663318,
      "n": 29593
    },
    "saturation_mean": {
      "r2_mean": 0.03948659896850586,
      "r2_std": 0.014940615529781666,
      "n": 29593
    },
    "entropy": {
      "r2_mean": 0.046641302108764646,
      "r2_std": 0.014306438676565008,
      "n": 29593
    },
    "motion_energy": {
      "r2_mean": 0.007410740852355957,
      "r2_std": 0.004813448323341542,
      "n": 29593
    },
    "n_faces": {
      "r2_mean": 0.00768669843673706,
      "r2_std": 0.0029143866398675267,
      "n": 29593
    },
    "face_area_frac": {
      "r2_mean": 0.011385202407836914,
      "r2_std": 0.001078739532653798,
      "n": 29593
    },
    "depth_mean": {
      "r2_mean": 0.0037239789962768555,
      "r2_std": 0.0011402091905585087,
      "n": 29593
    },
    "scene_natural_score": {
      "r2_mean": 0.01588031053543091,
      "r2_std": 0.0038952080175009567,
      "n": 29593
    },
    "position_in_movie": {
      "r2_mean": 0.023831987380981447,
      "r2_std": 0.02296148416943206,
      "n": 29593
    },
    "narrative_event_score": {
      "r2_mean": 0.005062508583068848,
      "r2_std": 0.0033808277666051967,
      "n": 29593
    }
  }
}