{
  "random_baseline": true,
  "split": "val",
  "n_recordings": 293,
  "n_windows_total": 29593,
  "encoder_dim": 1024,
  "features": {
    "luminance_mean": {
      "r2_mean": 0.039021778106689456,
      "r2_std": 0.01902383283053516,
      "n": 29593
    },
    "contrast_rms": {
      "r2_mean": 0.027527487277984618,
      "r2_std": 0.020306436823276184,
      "n": 29593
    },
    "edge_density": {
      "r2_mean": 0.009084475040435792,
      "r2_std": 0.0047381744279352675,
      "n": 29593
    },
    "saturation_mean": {
      "r2_mean": 0.038943696022033694,
      "r2_std": 0.017339520760401947,
      "n": 29593
    },
    "entropy": {
      "r2_mean": 0.044876039028167725,
      "r2_std": 0.01837710193196438,
      "n": 29593
    },
    "motion_energy": {
      "r2_mean": 0.005025136470794678,
      "r2_std": 0.0024295318810682773,
      "n": 29593
    },
    "n_faces": {
      "r2_mean": 0.006684792041778564,
      "r2_std": 0.0018040232421139856,
      "n": 29593
    },
    "face_area_frac": {
      "r2_mean": 0.011105072498321534,
      "r2_std": 0.003472477524585848,
      "n": 29593
    },
    "depth_mean": {
      "r2_mean": 0.004181575775146484,
      "r2_std": 0.0015378458841400682,
      "n": 29593
    },
    "scene_natural_score": {
      "r2_mean": 0.016489100456237794,
      "r2_std": 0.008220378847769017,
      "n": 29593
    },
    "position_in_movie": {
      "r2_mean": 0.02277783155441284,
      "r2_std": 0.020822466617110395,
      "n": 29593
    },
    "narrative_event_score": {
      "r2_mean": 0.0024031758308410644,
      "r2_std": 0.0017271230954203386,
      "n": 29593
    }
  }
}