{
  "random_baseline": false,
  "split": "val",
  "n_recordings": 293,
  "n_windows_total": 29593,
  "encoder_dim": 1024,
  "features": {
    "luminance_mean": {
      "r2_mean": 0.046637308597564694,
      "r2_std": 0.017782545784259696,
      "n": 29593
    },
    "contrast_rms": {
      "r2_mean": 0.0420764684677124,
      "r2_std": 0.015314438882916868,
      "n": 29593
    },
    "edge_density": {
      "r2_mean": 0.010952484607696534,
      "r2_std": 0.004368972126939285,
      "n": 29593
    },
    "saturation_mean": {
      "r2_mean": 0.04980049133300781,
      "r2_std": 0.014981425447441316,
      "n": 29593
    },
    "entropy": {
      "r2_mean": 0.05458464622497559,
      "r2_std": 0.012176045777254273,
      "n": 29593
    },
    "motion_energy": {
      "r2_mean": 0.012262511253356933,
      "r2_std": 0.005877722730729925,
      "n": 29593
    },
    "n_faces": {
      "r2_mean": 0.007690012454986572,
      "r2_std": 0.002218253244271158,
      "n": 29593
    },
    "face_area_frac": {
      "r2_mean": 0.013173234462738038,
      "r2_std": 0.002103401338345908,
      "n": 29593
    },
    "depth_mean": {
      "r2_mean": 0.008522844314575196,
      "r2_std": 0.0017478530616761919,
      "n": 29593
    },
    "scene_natural_score": {
      "r2_mean": 0.02396494150161743,
      "r2_std": 0.007799689848972081,
      "n": 29593
    },
    "position_in_movie": {
      "r2_mean": 0.0295430064201355,
      "r2_std": 0.02540061019317613,
      "n": 29593
    },
    "narrative_event_score": {
      "r2_mean": 0.006314170360565185,
      "r2_std": 0.0023735786151863753,
      "n": 29593
    }
  }
}