{
  "random_baseline": false,
  "split": "val",
  "n_recordings": 293,
  "n_windows_total": 29593,
  "encoder_dim": 1024,
  "features": {
    "luminance_mean": {
      "r2_mean": 0.04662728309631348,
      "r2_std": 0.014952330037829269,
      "n": 29593
    },
    "contrast_rms": {
      "r2_mean": 0.038175320625305174,
      "r2_std": 0.014870926151812536,
      "n": 29593
    },
    "edge_density": {
      "r2_mean": 0.009856021404266358,
      "r2_std": 0.0033166032275883293,
      "n": 29593
    },
    "saturation_mean": {
      "r2_mean": 0.04796837568283081,
      "r2_std": 0.011516643881175069,
      "n": 29593
    },
    "entropy": {
      "r2_mean": 0.051255571842193606,
      "r2_std": 0.011678804564088643,
      "n": 29593
    },
    "motion_energy": {
      "r2_mean": 0.0053627610206604,
      "r2_std": 0.004217843008663411,
      "n": 29593
    },
    "n_faces": {
      "r2_mean": 0.004678714275360108,
      "r2_std": 0.0027232770722391405,
      "n": 29593
    },
    "face_area_frac": {
      "r2_mean": 0.009405064582824706,
      "r2_std": 0.0024361356168119516,
      "n": 29593
    },
    "depth_mean": {
      "r2_mean": 0.0057292342185974125,
      "r2_std": 0.0023887374151077617,
      "n": 29593
    },
    "scene_natural_score": {
      "r2_mean": 0.016659796237945557,
      "r2_std": 0.004374428190556712,
      "n": 29593
    },
    "position_in_movie": {
      "r2_mean": 0.03110949993133545,
      "r2_std": 0.02044587618240243,
      "n": 29593
    },
    "narrative_event_score": {
      "r2_mean": 0.00399787425994873,
      "r2_std": 0.0022154839657502574,
      "n": 29593
    }
  }
}