{
  "random_baseline": false,
  "split": "val",
  "n_recordings": 293,
  "n_windows_total": 29593,
  "encoder_dim": 1024,
  "features": {
    "luminance_mean": {
      "r2_mean": 0.05057830810546875,
      "r2_std": 0.016243255977076418,
      "n": 29593
    },
    "contrast_rms": {
      "r2_mean": 0.04352766275405884,
      "r2_std": 0.014630370510425855,
      "n": 29593
    },
    "edge_density": {
      "r2_mean": 0.012153732776641845,
      "r2_std": 0.004415715864162128,
      "n": 29593
    },
    "saturation_mean": {
      "r2_mean": 0.04895905256271362,
      "r2_std": 0.014563896021786898,
      "n": 29593
    },
    "entropy": {
      "r2_mean": 0.05185543298721314,
      "r2_std": 0.016266455325083282,
      "n": 29593
    },
    "motion_energy": {
      "r2_mean": 0.01678551435470581,
      "r2_std": 0.004593532967398705,
      "n": 29593
    },
    "n_faces": {
      "r2_mean": 0.011249196529388428,
      "r2_std": 0.002115590950469934,
      "n": 29593
    },
    "face_area_frac": {
      "r2_mean": 0.013214194774627685,
      "r2_std": 0.003252498671073749,
      "n": 29593
    },
    "depth_mean": {
      "r2_mean": 0.009644746780395508,
      "r2_std": 0.003455248023021863,
      "n": 29593
    },
    "scene_natural_score": {
      "r2_mean": 0.022622299194335938,
      "r2_std": 0.00698447278093651,
      "n": 29593
    },
    "position_in_movie": {
      "r2_mean": 0.03276834487915039,
      "r2_std": 0.02456541396737779,
      "n": 29593
    },
    "narrative_event_score": {
      "r2_mean": 0.007991909980773926,
      "r2_std": 0.0024025289056861182,
      "n": 29593
    }
  }
}