{
  "random_baseline": false,
  "split": "val",
  "n_recordings": 293,
  "n_windows_total": 29593,
  "encoder_dim": 1024,
  "features": {
    "luminance_mean": {
      "r2_mean": 0.0684237003326416,
      "r2_std": 0.021381303351371166,
      "n": 29593
    },
    "contrast_rms": {
      "r2_mean": 0.06315956115722657,
      "r2_std": 0.017820305857017778,
      "n": 29593
    },
    "edge_density": {
      "r2_mean": 0.026842677593231203,
      "r2_std": 0.0044383138963063964,
      "n": 29593
    },
    "saturation_mean": {
      "r2_mean": 0.07091696262359619,
      "r2_std": 0.018071331707102033,
      "n": 29593
    },
    "entropy": {
      "r2_mean": 0.07642905712127686,
      "r2_std": 0.01766789290571958,
      "n": 29593
    },
    "motion_energy": {
      "r2_mean": 0.05929642915725708,
      "r2_std": 0.01436127473557594,
      "n": 29593
    },
    "n_faces": {
      "r2_mean": 0.026696383953094482,
      "r2_std": 0.0030174715181914423,
      "n": 29593
    },
    "face_area_frac": {
      "r2_mean": 0.023987889289855957,
      "r2_std": 0.002485261727387759,
      "n": 29593
    },
    "depth_mean": {
      "r2_mean": 0.032528674602508544,
      "r2_std": 0.006207363224963238,
      "n": 29593
    },
    "scene_natural_score": {
      "r2_mean": 0.03685712814331055,
      "r2_std": 0.008165350800544731,
      "n": 29593
    },
    "position_in_movie": {
      "r2_mean": 0.046911418437957764,
      "r2_std": 0.02222891582006101,
      "n": 29593
    },
    "narrative_event_score": {
      "r2_mean": 0.022437465190887452,
      "r2_std": 0.0048555505978489745,
      "n": 29593
    }
  }
}