{
  "random_baseline": true,
  "split": "test",
  "n_recordings": 108,
  "n_windows_total": 10908,
  "encoder_dim": 1024,
  "features": {
    "luminance_mean": {
      "r2_mean": 0.006844532489776611,
      "r2_std": 0.011070656711911946,
      "n": 10908
    },
    "contrast_rms": {
      "r2_mean": 0.006140995025634766,
      "r2_std": 0.01312786028088186,
      "n": 10908
    },
    "edge_density": {
      "r2_mean": 0.000675046443939209,
      "r2_std": 0.0032563949031367933,
      "n": 10908
    },
    "saturation_mean": {
      "r2_mean": 0.00939640998840332,
      "r2_std": 0.008923326092717,
      "n": 10908
    },
    "entropy": {
      "r2_mean": 0.011941146850585938,
      "r2_std": 0.01010682353729866,
      "n": 10908
    },
    "motion_energy": {
      "r2_mean": 0.0011062979698181151,
      "r2_std": 0.0015525725285912468,
      "n": 10908
    },
    "n_faces": {
      "r2_mean": -0.0004829525947570801,
      "r2_std": 0.0018461403685233323,
      "n": 10908
    },
    "face_area_frac": {
      "r2_mean": -0.0020446300506591795,
      "r2_std": 0.002560475507650917,
      "n": 10908
    },
    "depth_mean": {
      "r2_mean": 0.000897526741027832,
      "r2_std": 0.0012839611508702014,
      "n": 10908
    },
    "scene_natural_score": {
      "r2_mean": 0.00043634176254272463,
      "r2_std": 0.0026339747124344563,
      "n": 10908
    },
    "position_in_movie": {
      "r2_mean": 0.01684560775756836,
      "r2_std": 0.017092946572887936,
      "n": 10908
    },
    "narrative_event_score": {
      "r2_mean": 0.00015965700149536132,
      "r2_std": 0.0012072993390461388,
      "n": 10908
    }
  }
}