{
  "random_baseline": false,
  "split": "val",
  "n_recordings": 293,
  "n_windows_total": 29593,
  "encoder_dim": 1024,
  "features": {
    "luminance_mean": {
      "r2_mean": 0.03602544069290161,
      "r2_std": 0.013467859027096048,
      "n": 29593
    },
    "contrast_rms": {
      "r2_mean": 0.02801041603088379,
      "r2_std": 0.010270121392405043,
      "n": 29593
    },
    "edge_density": {
      "r2_mean": 0.004183471202850342,
      "r2_std": 0.003646238399411838,
      "n": 29593
    },
    "saturation_mean": {
      "r2_mean": 0.037782490253448486,
      "r2_std": 0.013255094217892815,
      "n": 29593
    },
    "entropy": {
      "r2_mean": 0.044197678565979004,
      "r2_std": 0.011237707556483078,
      "n": 29593
    },
    "motion_energy": {
      "r2_mean": 0.0018394112586975098,
      "r2_std": 0.0017361505466182581,
      "n": 29593
    },
    "n_faces": {
      "r2_mean": -0.000557410717010498,
      "r2_std": 0.0017746230032935277,
      "n": 29593
    },
    "face_area_frac": {
      "r2_mean": 0.0017240643501281738,
      "r2_std": 0.0014039585160250637,
      "n": 29593
    },
    "depth_mean": {
      "r2_mean": 0.002495777606964111,
      "r2_std": 0.001552240354352991,
      "n": 29593
    },
    "scene_natural_score": {
      "r2_mean": 0.005804884433746338,
      "r2_std": 0.002738469034326411,
      "n": 29593
    },
    "position_in_movie": {
      "r2_mean": 0.01839207410812378,
      "r2_std": 0.022089757899933855,
      "n": 29593
    },
    "narrative_event_score": {
      "r2_mean": 0.00016001462936401367,
      "r2_std": 0.002429301696001769,
      "n": 29593
    }
  }
}