{
  "random_baseline": false,
  "split": "val",
  "n_recordings": 293,
  "n_windows_total": 29593,
  "encoder_dim": 1024,
  "features": {
    "luminance_mean": {
      "r2_mean": 0.06847141981124878,
      "r2_std": 0.0211621939891581,
      "n": 29593
    },
    "contrast_rms": {
      "r2_mean": 0.06281580924987792,
      "r2_std": 0.017552116887681088,
      "n": 29593
    },
    "edge_density": {
      "r2_mean": 0.026936554908752443,
      "r2_std": 0.004372493050258669,
      "n": 29593
    },
    "saturation_mean": {
      "r2_mean": 0.07134675979614258,
      "r2_std": 0.018055408275606574,
      "n": 29593
    },
    "entropy": {
      "r2_mean": 0.07636504173278809,
      "r2_std": 0.017545429719864777,
      "n": 29593
    },
    "motion_energy": {
      "r2_mean": 0.059242653846740725,
      "r2_std": 0.013707539143249101,
      "n": 29593
    },
    "n_faces": {
      "r2_mean": 0.02573202848434448,
      "r2_std": 0.0029760768297984073,
      "n": 29593
    },
    "face_area_frac": {
      "r2_mean": 0.023467159271240233,
      "r2_std": 0.0022230590444658905,
      "n": 29593
    },
    "depth_mean": {
      "r2_mean": 0.03244771957397461,
      "r2_std": 0.006037923417355357,
      "n": 29593
    },
    "scene_natural_score": {
      "r2_mean": 0.03679589033126831,
      "r2_std": 0.007459897017056189,
      "n": 29593
    },
    "position_in_movie": {
      "r2_mean": 0.04625011682510376,
      "r2_std": 0.021989411952693112,
      "n": 29593
    },
    "narrative_event_score": {
      "r2_mean": 0.022436630725860596,
      "r2_std": 0.0044736384174572895,
      "n": 29593
    }
  }
}