{
  "random_baseline": true,
  "n_train_recordings": 701,
  "n_test_recordings": 108,
  "n_train_windows": 70801,
  "n_test_windows": 10908,
  "encoder_dim": 1024,
  "features": {
    "luminance_mean": {
      "r2": -0.10451960563659668,
      "pearson_r": 0.049540821462869644,
      "alpha": 31.622776601683793,
      "n_train": 70801,
      "n_test": 10908
    },
    "contrast_rms": {
      "r2": -0.08522582054138184,
      "pearson_r": 0.05502719804644585,
      "alpha": 31.622776601683793,
      "n_train": 70801,
      "n_test": 10908
    },
    "edge_density": {
      "r2": -0.049620747566223145,
      "pearson_r": 0.03745804354548454,
      "alpha": 31.622776601683793,
      "n_train": 70801,
      "n_test": 10908
    },
    "saturation_mean": {
      "r2": -0.1379690170288086,
      "pearson_r": 0.03721500188112259,
      "alpha": 31.622776601683793,
      "n_train": 70801,
      "n_test": 10908
    },
    "entropy": {
      "r2": -0.18998849391937256,
      "pearson_r": 0.05819987505674362,
      "alpha": 31.622776601683793,
      "n_train": 70801,
      "n_test": 10908
    },
    "motion_energy": {
      "r2": -0.03707003593444824,
      "pearson_r": 0.06264898180961609,
      "alpha": 31.622776601683793,
      "n_train": 70801,
      "n_test": 10908
    },
    "n_faces": {
      "r2": -0.03622317314147949,
      "pearson_r": 0.06390310823917389,
      "alpha": 31.622776601683793,
      "n_train": 70801,
      "n_test": 10908
    },
    "face_area_frac": {
      "r2": -0.06749379634857178,
      "pearson_r": 0.055131588131189346,
      "alpha": 31.622776601683793,
      "n_train": 70801,
      "n_test": 10908
    },
    "depth_mean": {
      "r2": -0.04597604274749756,
      "pearson_r": 0.04910515248775482,
      "alpha": 100.0,
      "n_train": 70801,
      "n_test": 10908
    },
    "scene_natural_score": {
      "r2": -0.016617536544799805,
      "pearson_r": 0.08316484838724136,
      "alpha": 31.622776601683793,
      "n_train": 70801,
      "n_test": 10908
    },
    "position_in_movie": {
      "r2": -0.04721391201019287,
      "pearson_r": 0.052762534469366074,
      "alpha": 31.622776601683793,
      "n_train": 70801,
      "n_test": 10908
    },
    "narrative_event_score": {
      "r2": -0.04844784736633301,
      "pearson_r": 0.028307752683758736,
      "alpha": 31.622776601683793,
      "n_train": 70801,
      "n_test": 10908
    }
  }
}