{
  "random_baseline": false,
  "split": "val",
  "n_recordings": 293,
  "n_windows_total": 29593,
  "encoder_dim": 1024,
  "features": {
    "luminance_mean": {
      "r2_mean": 0.05169024467468262,
      "r2_std": 0.01632895385331366,
      "n": 29593
    },
    "contrast_rms": {
      "r2_mean": 0.045987045764923094,
      "r2_std": 0.014598067045298702,
      "n": 29593
    },
    "edge_density": {
      "r2_mean": 0.012735140323638917,
      "r2_std": 0.0045564739617730025,
      "n": 29593
    },
    "saturation_mean": {
      "r2_mean": 0.05424375534057617,
      "r2_std": 0.014164928260512745,
      "n": 29593
    },
    "entropy": {
      "r2_mean": 0.05916374921798706,
      "r2_std": 0.013671910160032509,
      "n": 29593
    },
    "motion_energy": {
      "r2_mean": 0.019557547569274903,
      "r2_std": 0.0059517179238512035,
      "n": 29593
    },
    "n_faces": {
      "r2_mean": 0.010534846782684326,
      "r2_std": 0.001183619067542655,
      "n": 29593
    },
    "face_area_frac": {
      "r2_mean": 0.014551305770874023,
      "r2_std": 0.002692808676382941,
      "n": 29593
    },
    "depth_mean": {
      "r2_mean": 0.011156737804412842,
      "r2_std": 0.003716433941313155,
      "n": 29593
    },
    "scene_natural_score": {
      "r2_mean": 0.02573639154434204,
      "r2_std": 0.006946511554066349,
      "n": 29593
    },
    "position_in_movie": {
      "r2_mean": 0.03317583799362182,
      "r2_std": 0.026002272990679084,
      "n": 29593
    },
    "narrative_event_score": {
      "r2_mean": 0.008211624622344971,
      "r2_std": 0.0021100334618747215,
      "n": 29593
    }
  }
}