{
  "random_baseline": false,
  "split": "val",
  "n_recordings": 293,
  "n_windows_total": 29593,
  "encoder_dim": 1024,
  "features": {
    "luminance_mean": {
      "r2_mean": 0.053535962104797365,
      "r2_std": 0.01494244427048822,
      "n": 29593
    },
    "contrast_rms": {
      "r2_mean": 0.0457762360572815,
      "r2_std": 0.014013664336396035,
      "n": 29593
    },
    "edge_density": {
      "r2_mean": 0.014690256118774414,
      "r2_std": 0.0042494405364143705,
      "n": 29593
    },
    "saturation_mean": {
      "r2_mean": 0.05571223497390747,
      "r2_std": 0.01223256734527733,
      "n": 29593
    },
    "entropy": {
      "r2_mean": 0.05998978614807129,
      "r2_std": 0.011050664716789662,
      "n": 29593
    },
    "motion_energy": {
      "r2_mean": 0.026310479640960692,
      "r2_std": 0.007739442735294956,
      "n": 29593
    },
    "n_faces": {
      "r2_mean": 0.012249374389648437,
      "r2_std": 0.0016595342334082813,
      "n": 29593
    },
    "face_area_frac": {
      "r2_mean": 0.014871108531951904,
      "r2_std": 0.004676454449385466,
      "n": 29593
    },
    "depth_mean": {
      "r2_mean": 0.013111841678619385,
      "r2_std": 0.004261116574325993,
      "n": 29593
    },
    "scene_natural_score": {
      "r2_mean": 0.02673732042312622,
      "r2_std": 0.006984713630702345,
      "n": 29593
    },
    "position_in_movie": {
      "r2_mean": 0.03566256761550903,
      "r2_std": 0.02290896926886895,
      "n": 29593
    },
    "narrative_event_score": {
      "r2_mean": 0.008503830432891846,
      "r2_std": 0.0025899190285263154,
      "n": 29593
    }
  }
}