{
  "random_baseline": false,
  "n_train_recordings": 701,
  "n_test_recordings": 108,
  "n_train_windows": 70801,
  "n_test_windows": 10908,
  "encoder_dim": 1024,
  "features": {
    "luminance_mean": {
      "r2": 0.008471667766571045,
      "pearson_r": 0.15884771943092346,
      "alpha": 1000.0,
      "n_train": 70801,
      "n_test": 10908
    },
    "contrast_rms": {
      "r2": -0.007823944091796875,
      "pearson_r": 0.13412155210971832,
      "alpha": 316.22776601683796,
      "n_train": 70801,
      "n_test": 10908
    },
    "edge_density": {
      "r2": -0.0011718273162841797,
      "pearson_r": 0.10855734348297119,
      "alpha": 316.22776601683796,
      "n_train": 70801,
      "n_test": 10908
    },
    "saturation_mean": {
      "r2": 0.0016345977783203125,
      "pearson_r": 0.14941424131393433,
      "alpha": 316.22776601683796,
      "n_train": 70801,
      "n_test": 10908
    },
    "entropy": {
      "r2": 0.0004936456680297852,
      "pearson_r": 0.15033577382564545,
      "alpha": 316.22776601683796,
      "n_train": 70801,
      "n_test": 10908
    },
    "motion_energy": {
      "r2": 0.01636141538619995,
      "pearson_r": 0.1793389618396759,
      "alpha": 316.22776601683796,
      "n_train": 70801,
      "n_test": 10908
    },
    "n_faces": {
      "r2": 0.006639599800109863,
      "pearson_r": 0.12763714790344238,
      "alpha": 316.22776601683796,
      "n_train": 70801,
      "n_test": 10908
    },
    "face_area_frac": {
      "r2": -0.003012537956237793,
      "pearson_r": 0.10673635452985764,
      "alpha": 316.22776601683796,
      "n_train": 70801,
      "n_test": 10908
    },
    "depth_mean": {
      "r2": 0.006933450698852539,
      "pearson_r": 0.12790970504283905,
      "alpha": 1000.0,
      "n_train": 70801,
      "n_test": 10908
    },
    "scene_natural_score": {
      "r2": 0.004753708839416504,
      "pearson_r": 0.12860600650310516,
      "alpha": 316.22776601683796,
      "n_train": 70801,
      "n_test": 10908
    },
    "position_in_movie": {
      "r2": -0.016038060188293457,
      "pearson_r": 0.11562582850456238,
      "alpha": 316.22776601683796,
      "n_train": 70801,
      "n_test": 10908
    },
    "narrative_event_score": {
      "r2": -0.006886482238769531,
      "pearson_r": 0.10706586390733719,
      "alpha": 316.22776601683796,
      "n_train": 70801,
      "n_test": 10908
    }
  }
}