{
  "S": 293,
  "K": 32,
  "D": 64,
  "var_total": 66.98676300048828,
  "var_subject": 24.885313034057617,
  "var_within": 42.101449966430664,
  "eta_sq": 0.3714959780020453,
  "var_stimulus": 0.274650514125824,
  "var_residual": 41.82679945230484,
  "eta_sq_stimulus": 0.00410007144432135,
  "stim_frac_of_within": 0.006523540503826231,
  "trace_identity_residual": 2.121216065744939e-16,
  "eigvals_total": [
    21.416192022277585,
    17.996697908453196,
    12.101314987026361,
    4.3180138485332895,
    3.754437661249337,
    3.500218588184765,
    3.0460253438216967,
    0.3207967139361537,
    0.1798409916529809,
    0.13039602574438297,
    0.06299570219714248,
    0.03127670773996427,
    0.023305679967742278,
    0.0186814243996283,
    0.013952253127318513,
    0.012069537930751105,
    0.007708764699136783,
    0.006981605519247869,
    0.006257522906407936,
    0.005406521436948758,
    0.004760471032322737,
    0.004163700464760712,
    0.0033724450700191116,
    0.002983735092829948,
    0.002570617822608869,
    0.002473609979479117,
    0.002238595068840386,
    0.001976195694012795,
    0.001689227176594243,
    0.0016698890384527338,
    0.0011436386764781057,
    0.0011335762699975576,
    0.0010295391025152666,
    0.0009502688993197613,
    0.0008144717077940298,
    0.0007579932107873978,
    0.0007256649485913986,
    0.000631095738986568,
    0.0005847088232083529,
    0.0005083254821984913
  ],
  "eigvals_subject": [
    8.601107539446057,
    7.527979705525732,
    5.26037661371865,
    2.3625476729824064,
    0.6834407837695511,
    0.15421899283250062,
    0.09475145771371768,
    0.07314015898005136,
    0.06292501735067971,
    0.031195734630676646,
    0.011767914227240758,
    0.005487438456032454,
    0.0044092206314217475,
    0.0035478069789425786,
    0.002716777056518028,
    0.00166028102405733,
    0.0013155075107845395,
    0.0010873459410805715,
    0.0006420602238238576,
    0.0005494720107508392,
    0.0005285176197524719,
    0.000455250007561546,
    0.00030888417387760745,
    0.0002374663170233745,
    0.0002102391470436773,
    0.00015435313132999097,
    0.00014849699482858358,
    0.00011740559035639022,
    0.00010296987753206457,
    9.607398417698866e-05,
    8.284949442937412e-05,
    7.067079773520758e-05,
    6.492284271608555e-05,
    5.6712707941225893e-05,
    5.1558102617612694e-05,
    4.591094785111107e-05,
    4.199687954790278e-05,
    3.685346769864015e-05,
    3.339102097331737e-05,
    2.6864190905463654e-05
  ],
  "eigvals_within": [
    14.691003477206843,
    11.784770200721995,
    4.369386088302581,
    3.553328503447789,
    3.012729286724501,
    2.919929703263761,
    1.2118467361056846,
    0.23394130546278907,
    0.09424479378984066,
    0.06198905598222043,
    0.04183949149295069,
    0.026648856437912122,
    0.01640920064369994,
    0.011506646798221916,
    0.011081739654194787,
    0.008823707814846073,
    0.006480903851399453,
    0.00542685895909672,
    0.005321929556608936,
    0.004641982154425936,
    0.0038435382641563553,
    0.003362954355047766,
    0.002689850433899705,
    0.0025003621528968045,
    0.002277425095565716,
    0.0019911245431534124,
    0.0019189841717897971,
    0.0016105988632525254,
    0.0014763908024527672,
    0.0011879185644056154,
    0.001022619792136582,
    0.0009925348272774906,
    0.0009112872183011691,
    0.000743160113799672,
    0.000707923297771852,
    0.0006745738551319506,
    0.0006153500121681749,
    0.0005560903760198437,
    0.0005105328735545993,
    0.00044698849611373126
  ],
  "eff_rank_total": 5.708888505279932,
  "eff_rank_subject": 4.418541400561719,
  "eff_rank_within": 5.637348561367624,
  "principal_angles_deg": {
    "k=1": [
      88.59277884135768
    ],
    "k=2": [
      70.53822162179048,
      17.5407561845259
    ],
    "k=5": [
      86.4049348305415,
      31.251098975681018,
      4.656746980629546,
      2.332176361380123,
      0.9131303213434416
    ],
    "k=10": [
      39.694435289947705,
      9.39699033710626,
      5.530183780085648,
      3.9952938176868713,
      3.291824156825313,
      1.4378242139679638,
      0.7410333932594838,
      0.5968121897994325,
      0.2973447059024438,
      0.24454603222685434
    ]
  },
  "checkpoint": "/u/dtyoung/eb_jepa_eeg/checkpoints/eeg_jepa/dev_2026-04-11_00-15/eeg_jepa_bs32_lr0.0005_sigreg0.1_nw4_ws4s_seed2025/latest.pth.tar",
  "run_name": "eeg_jepa_bs32_lr0.0005_sigreg0.1_nw4_ws4s_seed2025",
  "split": "val",
  "n_windows": 4,
  "window_size_seconds": 4,
  "n_clips_per_rec": 32,
  "embed_dim": 64,
  "encoder_depth": 2
}