{
  "model": "deep4",
  "seed": 42,
  "n_chans": 129,
  "n_times": 400,
  "n_params": 663008,
  "metrics": {
    "val/reg_contrast_rms_corr": -0.020069966092705727,
    "val/cls_contrast_rms_acc": 0.5298634812286689,
    "val/cls_contrast_rms_bal_acc": 0.5300848876658075,
    "val/cls_contrast_rms_auc": 0.5359629581094658,
    "val/reg_luminance_mean_corr": 0.05037517473101616,
    "val/cls_luminance_mean_acc": 0.5136518771331058,
    "val/cls_luminance_mean_bal_acc": 0.5067422545726017,
    "val/cls_luminance_mean_auc": 0.519691641004106,
    "val/reg_position_in_movie_corr": -0.013148819096386433,
    "val/cls_position_in_movie_acc": 0.5255972696245734,
    "val/cls_position_in_movie_bal_acc": 0.53535344689174,
    "val/cls_position_in_movie_auc": 0.5631446045160631,
    "val/reg_narrative_event_score_corr": -0.00015208935656119138,
    "val/cls_narrative_event_score_acc": 0.4991467576791809,
    "val/cls_narrative_event_score_bal_acc": 0.5011270608175996,
    "val/cls_narrative_event_score_auc": 0.4957553200474123,
    "test/reg_contrast_rms_corr": 0.03179680183529854,
    "test/cls_contrast_rms_acc": 0.5231481481481481,
    "test/cls_contrast_rms_bal_acc": 0.522409173722002,
    "test/cls_contrast_rms_auc": 0.5314114242846425,
    "test/reg_luminance_mean_corr": 0.08538777381181717,
    "test/cls_luminance_mean_acc": 0.5439814814814815,
    "test/cls_luminance_mean_bal_acc": 0.5157937042427929,
    "test/cls_luminance_mean_auc": 0.49134279072798764,
    "test/reg_position_in_movie_corr": 0.03683482110500336,
    "test/cls_position_in_movie_acc": 0.49074074074074076,
    "test/cls_position_in_movie_bal_acc": 0.541622760800843,
    "test/cls_position_in_movie_auc": 0.5726362678417474,
    "test/reg_narrative_event_score_corr": -0.01856604591012001,
    "test/cls_narrative_event_score_acc": 0.5092592592592593,
    "test/cls_narrative_event_score_bal_acc": 0.4765985210961287,
    "test/cls_narrative_event_score_auc": 0.4739016963897347,
    "val/subject/age_reg/mae": 2.6420392910641617,
    "val/subject/age_reg/corr": 0.22340345305815523,
    "val/subject/age_reg/r2": 0.038960492105521216,
    "val/subject/age_cls/bal_acc": 0.559517125210556,
    "val/subject/age_cls/auc": 0.6106120157215048,
    "val/subject/sex/bal_acc": 0.5748126475721178,
    "val/subject/sex/auc": 0.6972590083153681,
    "test/subject/age_reg/mae": 3.0131780583346335,
    "test/subject/age_reg/corr": 0.26146816546186935,
    "test/subject/age_reg/r2": 0.06034088809303517,
    "test/subject/age_cls/bal_acc": 0.5906593406593407,
    "test/subject/age_cls/auc": 0.6328983516483517,
    "test/subject/sex/bal_acc": 0.5054112554112554,
    "test/subject/sex/auc": 0.5321067821067822
  },
  "best_val_mean_corr": 0.09218399506062269
}