{
  "model": "deep4",
  "seed": 456,
  "n_chans": 129,
  "n_times": 400,
  "n_params": 663008,
  "metrics": {
    "val/reg_contrast_rms_corr": 0.012891125865280628,
    "val/cls_contrast_rms_acc": 0.514505119453925,
    "val/cls_contrast_rms_bal_acc": 0.5186374871747038,
    "val/cls_contrast_rms_auc": 0.528099057923701,
    "val/reg_luminance_mean_corr": 0.015439093112945557,
    "val/cls_luminance_mean_acc": 0.5187713310580204,
    "val/cls_luminance_mean_bal_acc": 0.5201992381385399,
    "val/cls_luminance_mean_auc": 0.545475609649468,
    "val/reg_position_in_movie_corr": 0.017532147467136383,
    "val/cls_position_in_movie_acc": 0.5085324232081911,
    "val/cls_position_in_movie_bal_acc": 0.5053753066278392,
    "val/cls_position_in_movie_auc": 0.5073166738298438,
    "val/reg_narrative_event_score_corr": 0.0985032469034195,
    "val/cls_narrative_event_score_acc": 0.5110921501706485,
    "val/cls_narrative_event_score_bal_acc": 0.5104544329416562,
    "val/cls_narrative_event_score_auc": 0.5453865082485184,
    "test/reg_contrast_rms_corr": 0.007220309693366289,
    "test/cls_contrast_rms_acc": 0.5023148148148148,
    "test/cls_contrast_rms_bal_acc": 0.5003859348198971,
    "test/cls_contrast_rms_auc": 0.5327401372212694,
    "test/reg_luminance_mean_corr": -0.007919825613498688,
    "test/cls_luminance_mean_acc": 0.5300925925925926,
    "test/cls_luminance_mean_bal_acc": 0.5341893198667669,
    "test/cls_luminance_mean_auc": 0.514021704093693,
    "test/reg_position_in_movie_corr": -0.05542698875069618,
    "test/cls_position_in_movie_acc": 0.5069444444444444,
    "test/cls_position_in_movie_bal_acc": 0.5007421150278293,
    "test/cls_position_in_movie_auc": 0.5210520571865109,
    "test/reg_narrative_event_score_corr": -0.03395804017782211,
    "test/cls_narrative_event_score_acc": 0.5486111111111112,
    "test/cls_narrative_event_score_bal_acc": 0.5368725868725869,
    "test/cls_narrative_event_score_auc": 0.5481552981552982,
    "val/subject/age_reg/mae": 2.5419001413547138,
    "val/subject/age_reg/corr": 0.3759493941151491,
    "val/subject/age_reg/r2": 0.1298066411648654,
    "val/subject/age_cls/bal_acc": 0.6472019464720195,
    "val/subject/age_cls/auc": 0.6596715328467153,
    "val/subject/sex/bal_acc": 0.6705163740889026,
    "val/subject/sex/auc": 0.7695821784211067,
    "test/subject/age_reg/mae": 2.8355342661539713,
    "test/subject/age_reg/corr": 0.4040995599824902,
    "test/subject/age_reg/r2": 0.16254925838891687,
    "test/subject/age_cls/bal_acc": 0.635989010989011,
    "test/subject/age_cls/auc": 0.6717032967032966,
    "test/subject/sex/bal_acc": 0.5411255411255411,
    "test/subject/sex/auc": 0.6186868686868687
  },
  "best_val_mean_corr": 0.06112848385237157
}