{
  "model": "deep4",
  "seed": 123,
  "n_chans": 129,
  "n_times": 400,
  "n_params": 663008,
  "metrics": {
    "val/reg_contrast_rms_corr": 0.007321649696677923,
    "val/cls_contrast_rms_acc": 0.515358361774744,
    "val/cls_contrast_rms_bal_acc": 0.49924713546006605,
    "val/cls_contrast_rms_auc": 0.5311218120206884,
    "val/reg_luminance_mean_corr": 0.07182733714580536,
    "val/cls_luminance_mean_acc": 0.5290102389078498,
    "val/cls_luminance_mean_bal_acc": 0.5197427161654136,
    "val/cls_luminance_mean_auc": 0.5298446311090226,
    "val/reg_position_in_movie_corr": 0.035433072596788406,
    "val/cls_position_in_movie_acc": 0.5127986348122867,
    "val/cls_position_in_movie_bal_acc": 0.49566859954313824,
    "val/cls_position_in_movie_auc": 0.5123967668248111,
    "val/reg_narrative_event_score_corr": -0.008105678483843803,
    "val/cls_narrative_event_score_acc": 0.5298634812286689,
    "val/cls_narrative_event_score_bal_acc": 0.5305521168606091,
    "val/cls_narrative_event_score_auc": 0.5372762623246873,
    "test/reg_contrast_rms_corr": 0.028408711776137352,
    "test/cls_contrast_rms_acc": 0.4976851851851852,
    "test/cls_contrast_rms_bal_acc": 0.4680415068015347,
    "test/cls_contrast_rms_auc": 0.4673439134984304,
    "test/reg_luminance_mean_corr": 0.06154533103108406,
    "test/cls_luminance_mean_acc": 0.5462962962962963,
    "test/cls_luminance_mean_bal_acc": 0.5436982916084667,
    "test/cls_luminance_mean_auc": 0.5745567852154293,
    "test/reg_position_in_movie_corr": 0.05744532495737076,
    "test/cls_position_in_movie_acc": 0.5555555555555556,
    "test/cls_position_in_movie_bal_acc": 0.5251778093883357,
    "test/cls_position_in_movie_auc": 0.5219608272239851,
    "test/reg_narrative_event_score_corr": -0.007119372487068176,
    "test/cls_narrative_event_score_acc": 0.5115740740740741,
    "test/cls_narrative_event_score_bal_acc": 0.5084322097538996,
    "test/cls_narrative_event_score_auc": 0.5067050013946403,
    "val/subject/age_reg/mae": 2.462864666591814,
    "val/subject/age_reg/corr": 0.41400967204738737,
    "val/subject/age_reg/r2": 0.15196118576580875,
    "val/subject/age_cls/bal_acc": 0.6001076174433839,
    "val/subject/age_cls/auc": 0.6723282799925135,
    "val/subject/sex/bal_acc": 0.6973103377476645,
    "val/subject/sex/auc": 0.7979673544810594,
    "test/subject/age_reg/mae": 2.8214864000037867,
    "test/subject/age_reg/corr": 0.4157086688886582,
    "test/subject/age_reg/r2": 0.1572390888916928,
    "test/subject/age_cls/bal_acc": 0.632554945054945,
    "test/subject/age_cls/auc": 0.698489010989011,
    "test/subject/sex/bal_acc": 0.5887445887445888,
    "test/subject/sex/auc": 0.7117604617604618
  },
  "best_val_mean_corr": 0.046840283554047346
}