{
  "model": "eegnex",
  "seed": 42,
  "n_chans": 129,
  "n_times": 400,
  "n_params": 125384,
  "metrics": {
    "val/reg_contrast_rms_corr": 0.11823052167892456,
    "val/cls_contrast_rms_acc": 0.5571672354948806,
    "val/cls_contrast_rms_bal_acc": 0.5590627330350484,
    "val/cls_contrast_rms_auc": 0.5956841909023117,
    "val/reg_luminance_mean_corr": 0.13045483827590942,
    "val/cls_luminance_mean_acc": 0.5349829351535836,
    "val/cls_luminance_mean_bal_acc": 0.5320553221288515,
    "val/cls_luminance_mean_auc": 0.5289186507936507,
    "val/reg_position_in_movie_corr": 0.1400914192199707,
    "val/cls_position_in_movie_acc": 0.5435153583617748,
    "val/cls_position_in_movie_bal_acc": 0.5359768907563025,
    "val/cls_position_in_movie_auc": 0.5764034780578897,
    "val/reg_narrative_event_score_corr": 0.04987766221165657,
    "val/cls_narrative_event_score_acc": 0.5537542662116041,
    "val/cls_narrative_event_score_bal_acc": 0.5520735432330828,
    "val/cls_narrative_event_score_auc": 0.5640610314849623,
    "test/reg_contrast_rms_corr": -0.03287509083747864,
    "test/cls_contrast_rms_acc": 0.5023148148148148,
    "test/cls_contrast_rms_bal_acc": 0.5130219543693499,
    "test/cls_contrast_rms_auc": 0.5565002152389151,
    "test/reg_luminance_mean_corr": 0.12605588138103485,
    "test/cls_luminance_mean_acc": 0.4722222222222222,
    "test/cls_luminance_mean_bal_acc": 0.48342245989304816,
    "test/cls_luminance_mean_auc": 0.5152897522645421,
    "test/reg_position_in_movie_corr": 0.07812640815973282,
    "test/cls_position_in_movie_acc": 0.5254629629629629,
    "test/cls_position_in_movie_bal_acc": 0.5230239886809441,
    "test/cls_position_in_movie_auc": 0.5679893669474994,
    "test/reg_narrative_event_score_corr": 0.042720817029476166,
    "test/cls_narrative_event_score_acc": 0.5578703703703703,
    "test/cls_narrative_event_score_bal_acc": 0.5543330087633885,
    "test/cls_narrative_event_score_auc": 0.6064913988964622,
    "val/subject/age_reg/mae": 2.6247526934106196,
    "val/subject/age_reg/corr": 0.30271480020214336,
    "val/subject/age_reg/r2": 0.03855751227229853,
    "val/subject/age_cls/bal_acc": 0.6064944787572525,
    "val/subject/age_cls/auc": 0.647155156279244,
    "val/subject/sex/bal_acc": 0.5760958833795299,
    "val/subject/sex/auc": 0.7129658145980906,
    "test/subject/age_reg/mae": 3.051716344084563,
    "test/subject/age_reg/corr": 0.24394186232388043,
    "test/subject/age_reg/r2": 0.023428415332855668,
    "test/subject/age_cls/bal_acc": 0.6037087912087913,
    "test/subject/age_cls/auc": 0.6260302197802198,
    "test/subject/sex/bal_acc": 0.5584415584415584,
    "test/subject/sex/auc": 0.6255411255411256
  },
  "best_val_mean_corr": 0.1459567192941904
}