{
  "model": "eegnet",
  "seed": 456,
  "n_chans": 129,
  "n_times": 400,
  "n_params": 7880,
  "metrics": {
    "val/reg_contrast_rms_corr": 0.180484339594841,
    "val/cls_contrast_rms_acc": 0.5588737201365188,
    "val/cls_contrast_rms_bal_acc": 0.558237559068899,
    "val/cls_contrast_rms_auc": 0.5926652470684324,
    "val/reg_luminance_mean_corr": 0.18709513545036316,
    "val/cls_luminance_mean_acc": 0.5563139931740614,
    "val/cls_luminance_mean_bal_acc": 0.5452937386516722,
    "val/cls_luminance_mean_auc": 0.5672392081063669,
    "val/reg_position_in_movie_corr": 0.19663897156715393,
    "val/cls_position_in_movie_acc": 0.5776450511945392,
    "val/cls_position_in_movie_bal_acc": 0.5594354603493534,
    "val/cls_position_in_movie_auc": 0.5945225335639179,
    "val/reg_narrative_event_score_corr": 0.09139802306890488,
    "val/cls_narrative_event_score_acc": 0.5537542662116041,
    "val/cls_narrative_event_score_bal_acc": 0.5538746720020037,
    "val/cls_narrative_event_score_auc": 0.5735341656692033,
    "test/reg_contrast_rms_corr": 0.14578266441822052,
    "test/cls_contrast_rms_acc": 0.5717592592592593,
    "test/cls_contrast_rms_bal_acc": 0.5689318068258348,
    "test/cls_contrast_rms_auc": 0.5989441897851449,
    "test/reg_luminance_mean_corr": 0.1050959974527359,
    "test/cls_luminance_mean_acc": 0.5254629629629629,
    "test/cls_luminance_mean_bal_acc": 0.5268584412243849,
    "test/cls_luminance_mean_auc": 0.5475006430592473,
    "test/reg_position_in_movie_corr": 0.08197509497404099,
    "test/cls_position_in_movie_acc": 0.5462962962962963,
    "test/cls_position_in_movie_bal_acc": 0.519009417509592,
    "test/cls_position_in_movie_auc": 0.5531914893617021,
    "test/reg_narrative_event_score_corr": 0.06597661972045898,
    "test/cls_narrative_event_score_acc": 0.5254629629629629,
    "test/cls_narrative_event_score_bal_acc": 0.5254420748044154,
    "test/cls_narrative_event_score_auc": 0.5510234701532526,
    "val/subject/age_reg/mae": 2.592867059352211,
    "val/subject/age_reg/corr": 0.26743888821298656,
    "val/subject/age_reg/r2": 0.024547915750693705,
    "val/subject/age_cls/bal_acc": 0.6075706531910912,
    "val/subject/age_cls/auc": 0.643224780086094,
    "val/subject/sex/bal_acc": 0.5238425213017144,
    "val/subject/sex/auc": 0.7386818601786265,
    "test/subject/age_reg/mae": 2.993051009934037,
    "test/subject/age_reg/corr": 0.2513901619024638,
    "test/subject/age_reg/r2": -0.006763153664819832,
    "test/subject/age_cls/bal_acc": 0.5947802197802198,
    "test/subject/age_cls/auc": 0.6768543956043956,
    "test/subject/sex/bal_acc": 0.5043290043290043,
    "test/subject/sex/auc": 0.5407647907647907
  },
  "best_val_mean_corr": 0.17126267217099667
}