{
  "model": "eegnex",
  "seed": 123,
  "n_chans": 129,
  "n_times": 400,
  "n_params": 125384,
  "metrics": {
    "val/reg_contrast_rms_corr": 0.006423677317798138,
    "val/cls_contrast_rms_acc": 0.53839590443686,
    "val/cls_contrast_rms_bal_acc": 0.5385739912403318,
    "val/cls_contrast_rms_auc": 0.5549357585499953,
    "val/reg_luminance_mean_corr": 0.13256964087486267,
    "val/cls_luminance_mean_acc": 0.5315699658703071,
    "val/cls_luminance_mean_bal_acc": 0.5323426573426573,
    "val/cls_luminance_mean_auc": 0.5478219696969697,
    "val/reg_position_in_movie_corr": 0.08583860099315643,
    "val/cls_position_in_movie_acc": 0.5392491467576792,
    "val/cls_position_in_movie_bal_acc": 0.5399854038987417,
    "val/cls_position_in_movie_auc": 0.5675743800320645,
    "val/reg_narrative_event_score_corr": 0.09027666598558426,
    "val/cls_narrative_event_score_acc": 0.5358361774744027,
    "val/cls_narrative_event_score_bal_acc": 0.5315568350712121,
    "val/cls_narrative_event_score_auc": 0.5533256679422813,
    "test/reg_contrast_rms_corr": 0.07630816102027893,
    "test/cls_contrast_rms_acc": 0.5949074074074074,
    "test/cls_contrast_rms_bal_acc": 0.5846446367689484,
    "test/cls_contrast_rms_auc": 0.6115700673135763,
    "test/reg_luminance_mean_corr": 0.0946488156914711,
    "test/cls_luminance_mean_acc": 0.5231481481481481,
    "test/cls_luminance_mean_bal_acc": 0.5289138721974542,
    "test/cls_luminance_mean_auc": 0.5733453942409167,
    "test/reg_position_in_movie_corr": 0.0720197930932045,
    "test/cls_position_in_movie_acc": 0.5347222222222222,
    "test/cls_position_in_movie_bal_acc": 0.5366463679860809,
    "test/cls_position_in_movie_auc": 0.5829926054806438,
    "test/reg_narrative_event_score_corr": 0.20149049162864685,
    "test/cls_narrative_event_score_acc": 0.5208333333333334,
    "test/cls_narrative_event_score_bal_acc": 0.5223808605054987,
    "test/cls_narrative_event_score_auc": 0.5450296910840997,
    "val/subject/age_reg/mae": 2.683610799134551,
    "val/subject/age_reg/corr": 0.13364337134561832,
    "val/subject/age_reg/r2": -0.009942063888211727,
    "val/subject/age_cls/bal_acc": 0.5626988583192962,
    "val/subject/age_cls/auc": 0.5677521991390604,
    "val/subject/sex/bal_acc": 0.5287444820860281,
    "val/subject/sex/auc": 0.7026485987064983,
    "test/subject/age_reg/mae": 3.094225443508007,
    "test/subject/age_reg/corr": 0.160007904180138,
    "test/subject/age_reg/r2": -0.01680710637948213,
    "test/subject/age_cls/bal_acc": 0.49862637362637363,
    "test/subject/age_cls/auc": 0.5508241758241759,
    "test/subject/sex/bal_acc": 0.5205627705627706,
    "test/subject/sex/auc": 0.625901875901876
  },
  "best_val_mean_corr": 0.16255567781627178
}