{
  "model": "eegnet",
  "seed": 42,
  "n_chans": 129,
  "n_times": 400,
  "n_params": 7880,
  "metrics": {
    "val/reg_contrast_rms_corr": 0.034889645874500275,
    "val/cls_contrast_rms_acc": 0.5298634812286689,
    "val/cls_contrast_rms_bal_acc": 0.5332738428518103,
    "val/cls_contrast_rms_auc": 0.563711681131019,
    "val/reg_luminance_mean_corr": 0.0888432189822197,
    "val/cls_luminance_mean_acc": 0.5213310580204779,
    "val/cls_luminance_mean_bal_acc": 0.5240662931839403,
    "val/cls_luminance_mean_auc": 0.5344756652661065,
    "val/reg_position_in_movie_corr": 0.02456737495958805,
    "val/cls_position_in_movie_acc": 0.5315699658703071,
    "val/cls_position_in_movie_bal_acc": 0.5294748624195504,
    "val/cls_position_in_movie_auc": 0.5558920576438765,
    "val/reg_narrative_event_score_corr": 0.04051442816853523,
    "val/cls_narrative_event_score_acc": 0.5477815699658704,
    "val/cls_narrative_event_score_bal_acc": 0.5480801991875246,
    "val/cls_narrative_event_score_auc": 0.5611322238238763,
    "test/reg_contrast_rms_corr": 0.04670989140868187,
    "test/cls_contrast_rms_acc": 0.5509259259259259,
    "test/cls_contrast_rms_bal_acc": 0.541795665634675,
    "test/cls_contrast_rms_auc": 0.5504815961472308,
    "test/reg_luminance_mean_corr": 0.11100798845291138,
    "test/cls_luminance_mean_acc": 0.47453703703703703,
    "test/cls_luminance_mean_bal_acc": 0.48318965517241375,
    "test/cls_luminance_mean_auc": 0.4946120689655172,
    "test/reg_position_in_movie_corr": -0.015769533812999725,
    "test/cls_position_in_movie_acc": 0.5069444444444444,
    "test/cls_position_in_movie_bal_acc": 0.5079227053140096,
    "test/cls_position_in_movie_auc": 0.4923671497584541,
    "test/reg_narrative_event_score_corr": 0.009687131270766258,
    "test/cls_narrative_event_score_acc": 0.5185185185185185,
    "test/cls_narrative_event_score_bal_acc": 0.528695652173913,
    "test/cls_narrative_event_score_auc": 0.5469243156199678,
    "val/subject/age_reg/mae": 2.675496187963909,
    "val/subject/age_reg/corr": 0.2768649652265482,
    "val/subject/age_reg/r2": -0.0018246303854392298,
    "val/subject/age_cls/bal_acc": 0.571963316488864,
    "val/subject/age_cls/auc": 0.6104248549504023,
    "val/subject/sex/bal_acc": 0.5,
    "val/subject/sex/auc": 0.35176059952776917,
    "test/subject/age_reg/mae": 3.1260764321503816,
    "test/subject/age_reg/corr": 0.14325351137176695,
    "test/subject/age_reg/r2": -0.01989265346382063,
    "test/subject/age_cls/bal_acc": 0.5583791208791209,
    "test/subject/age_cls/auc": 0.5772664835164836,
    "test/subject/sex/bal_acc": 0.5,
    "test/subject/sex/auc": 0.47871572871572876
  },
  "best_val_mean_corr": 0.09949124604463577
}