{
  "model": "eegnex",
  "seed": 456,
  "n_chans": 129,
  "n_times": 400,
  "n_params": 125384,
  "metrics": {
    "val/reg_contrast_rms_corr": 0.07125367224216461,
    "val/cls_contrast_rms_acc": 0.5349829351535836,
    "val/cls_contrast_rms_bal_acc": 0.5354368889626673,
    "val/cls_contrast_rms_auc": 0.5628387371094239,
    "val/reg_luminance_mean_corr": 0.12822994589805603,
    "val/cls_luminance_mean_acc": 0.5255972696245734,
    "val/cls_luminance_mean_bal_acc": 0.5253413009039232,
    "val/cls_luminance_mean_auc": 0.5462547176404808,
    "val/reg_position_in_movie_corr": 0.1478891670703888,
    "val/cls_position_in_movie_acc": 0.5588737201365188,
    "val/cls_position_in_movie_bal_acc": 0.5590587296548792,
    "val/cls_position_in_movie_auc": 0.5629421032246416,
    "val/reg_narrative_event_score_corr": 0.02048557810485363,
    "val/cls_narrative_event_score_acc": 0.53839590443686,
    "val/cls_narrative_event_score_bal_acc": 0.5377365646452005,
    "val/cls_narrative_event_score_auc": 0.5664452360322197,
    "test/reg_contrast_rms_corr": -0.03267688304185867,
    "test/cls_contrast_rms_acc": 0.5069444444444444,
    "test/cls_contrast_rms_bal_acc": 0.5018887362637362,
    "test/cls_contrast_rms_auc": 0.531979739010989,
    "test/reg_luminance_mean_corr": 0.15918627381324768,
    "test/cls_luminance_mean_acc": 0.5578703703703703,
    "test/cls_luminance_mean_bal_acc": 0.5411458333333333,
    "test/cls_luminance_mean_auc": 0.5544704861111112,
    "test/reg_position_in_movie_corr": 0.1492762714624405,
    "test/cls_position_in_movie_acc": 0.5787037037037037,
    "test/cls_position_in_movie_bal_acc": 0.5606689051287116,
    "test/cls_position_in_movie_auc": 0.5633901727127087,
    "test/reg_narrative_event_score_corr": -0.022497255355119705,
    "test/cls_narrative_event_score_acc": 0.5300925925925926,
    "test/cls_narrative_event_score_bal_acc": 0.5357327141382868,
    "test/cls_narrative_event_score_auc": 0.5500730994152047,
    "val/subject/age_reg/mae": 2.630940179365243,
    "val/subject/age_reg/corr": 0.27482926382138495,
    "val/subject/age_reg/r2": 0.021893067014173373,
    "val/subject/age_cls/bal_acc": 0.6013475575519371,
    "val/subject/age_cls/auc": 0.6106120157215048,
    "val/subject/sex/bal_acc": 0.5607227184067345,
    "val/subject/sex/auc": 0.713530438353352,
    "test/subject/age_reg/mae": 3.122818321524726,
    "test/subject/age_reg/corr": -0.003872425353612937,
    "test/subject/age_reg/r2": -0.04308528834164571,
    "test/subject/age_cls/bal_acc": 0.6222527472527473,
    "test/subject/age_cls/auc": 0.6438873626373627,
    "test/subject/sex/bal_acc": 0.5941558441558441,
    "test/subject/sex/auc": 0.5912698412698413
  },
  "best_val_mean_corr": 0.13618297316133976
}