{
  "model": "eegnet",
  "seed": 123,
  "n_chans": 129,
  "n_times": 400,
  "n_params": 7880,
  "metrics": {
    "val/reg_contrast_rms_corr": 0.10782316327095032,
    "val/cls_contrast_rms_acc": 0.5716723549488054,
    "val/cls_contrast_rms_bal_acc": 0.5717969633976265,
    "val/cls_contrast_rms_auc": 0.5963856654591596,
    "val/reg_luminance_mean_corr": 0.17936433851718903,
    "val/cls_luminance_mean_acc": 0.5554607508532423,
    "val/cls_luminance_mean_bal_acc": 0.5556273879414779,
    "val/cls_luminance_mean_auc": 0.5884746878203335,
    "val/reg_position_in_movie_corr": 0.19857251644134521,
    "val/cls_position_in_movie_acc": 0.5716723549488054,
    "val/cls_position_in_movie_bal_acc": 0.5736961253048274,
    "val/cls_position_in_movie_auc": 0.6037287276350637,
    "val/reg_narrative_event_score_corr": 0.11587397754192352,
    "val/cls_narrative_event_score_acc": 0.53839590443686,
    "val/cls_narrative_event_score_bal_acc": 0.5395950768334425,
    "val/cls_narrative_event_score_auc": 0.5679251329109314,
    "test/reg_contrast_rms_corr": 0.08853532373905182,
    "test/cls_contrast_rms_acc": 0.5763888888888888,
    "test/cls_contrast_rms_bal_acc": 0.576339314425365,
    "test/cls_contrast_rms_auc": 0.6008532167127575,
    "test/reg_luminance_mean_corr": 0.13507558405399323,
    "test/cls_luminance_mean_acc": 0.5277777777777778,
    "test/cls_luminance_mean_bal_acc": 0.5266007792036275,
    "test/cls_luminance_mean_auc": 0.5432413990447053,
    "test/reg_position_in_movie_corr": 0.23786137998104095,
    "test/cls_position_in_movie_acc": 0.6111111111111112,
    "test/cls_position_in_movie_bal_acc": 0.5992063492063492,
    "test/cls_position_in_movie_auc": 0.6191798941798943,
    "test/reg_narrative_event_score_corr": 0.115511953830719,
    "test/cls_narrative_event_score_acc": 0.5439814814814815,
    "test/cls_narrative_event_score_bal_acc": 0.5443896688457829,
    "test/cls_narrative_event_score_auc": 0.5586325152716751,
    "val/subject/age_reg/mae": 2.6313922698714225,
    "val/subject/age_reg/corr": 0.31365535953654167,
    "val/subject/age_reg/r2": 0.03880926995544698,
    "val/subject/age_cls/bal_acc": 0.5830058019839042,
    "val/subject/age_cls/auc": 0.6227774658431593,
    "val/subject/sex/bal_acc": 0.5117544399958937,
    "val/subject/sex/auc": 0.6847346268350273,
    "test/subject/age_reg/mae": 3.0729515126404943,
    "test/subject/age_reg/corr": 0.3022189277150516,
    "test/subject/age_reg/r2": 0.03083788249510855,
    "test/subject/age_cls/bal_acc": 0.6339285714285714,
    "test/subject/age_cls/auc": 0.6607142857142857,
    "test/subject/sex/bal_acc": 0.5043290043290043,
    "test/subject/sex/auc": 0.503968253968254
  },
  "best_val_mean_corr": 0.1731189750134945
}