{
  "model": "shallow",
  "seed": 42,
  "n_chans": 129,
  "n_times": 400,
  "n_params": 421768,
  "metrics": {
    "val/reg_contrast_rms_corr": 0.09305433928966522,
    "val/cls_contrast_rms_acc": 0.5401023890784983,
    "val/cls_contrast_rms_bal_acc": 0.5398827905670971,
    "val/cls_contrast_rms_auc": 0.5427647740033689,
    "val/reg_luminance_mean_corr": 0.04200661927461624,
    "val/cls_luminance_mean_acc": 0.5059726962457338,
    "val/cls_luminance_mean_bal_acc": 0.5082337083919363,
    "val/cls_luminance_mean_auc": 0.5152411509610877,
    "val/reg_position_in_movie_corr": 0.115330770611763,
    "val/cls_position_in_movie_acc": 0.5426621160409556,
    "val/cls_position_in_movie_bal_acc": 0.5414214629485044,
    "val/cls_position_in_movie_auc": 0.5483755375059722,
    "val/reg_narrative_event_score_corr": -0.010048119351267815,
    "val/cls_narrative_event_score_acc": 0.5059726962457338,
    "val/cls_narrative_event_score_bal_acc": 0.5098561371288644,
    "val/cls_narrative_event_score_auc": 0.5238838602474967,
    "test/reg_contrast_rms_corr": 0.004290079697966576,
    "test/cls_contrast_rms_acc": 0.5023148148148148,
    "test/cls_contrast_rms_bal_acc": 0.49765389582436503,
    "test/cls_contrast_rms_auc": 0.48478260869565215,
    "test/reg_luminance_mean_corr": 0.11393581330776215,
    "test/cls_luminance_mean_acc": 0.4930555555555556,
    "test/cls_luminance_mean_bal_acc": 0.4954638729884437,
    "test/cls_luminance_mean_auc": 0.5169240738740686,
    "test/reg_position_in_movie_corr": 0.06693773716688156,
    "test/cls_position_in_movie_acc": 0.5486111111111112,
    "test/cls_position_in_movie_bal_acc": 0.5337112753918529,
    "test/cls_position_in_movie_auc": 0.5606044182366077,
    "test/reg_narrative_event_score_corr": 0.0023965989239513874,
    "test/cls_narrative_event_score_acc": 0.46296296296296297,
    "test/cls_narrative_event_score_bal_acc": 0.4684216181368862,
    "test/cls_narrative_event_score_auc": 0.48580638229289785,
    "val/subject/age_reg/mae": 2.4417356721793424,
    "val/subject/age_reg/corr": 0.4868756549376239,
    "val/subject/age_reg/r2": 0.1943882259176546,
    "val/subject/age_cls/bal_acc": 0.6687488302451806,
    "val/subject/age_cls/auc": 0.7049410443571028,
    "val/subject/sex/bal_acc": 0.6917924237757931,
    "val/subject/sex/auc": 0.7349348116209835,
    "test/subject/age_reg/mae": 2.6589222572467945,
    "test/subject/age_reg/corr": 0.5486695158007897,
    "test/subject/age_reg/r2": 0.222653307364732,
    "test/subject/age_cls/bal_acc": 0.7376373626373627,
    "test/subject/age_cls/auc": 0.8382554945054945,
    "test/subject/sex/bal_acc": 0.5735930735930735,
    "test/subject/sex/auc": 0.6172438672438673
  },
  "best_val_mean_corr": 0.09565442288294435
}