{
  "model": "shallow",
  "seed": 123,
  "n_chans": 129,
  "n_times": 400,
  "n_params": 421768,
  "metrics": {
    "val/reg_contrast_rms_corr": 0.0041390834376215935,
    "val/cls_contrast_rms_acc": 0.5187713310580204,
    "val/cls_contrast_rms_bal_acc": 0.501209399267551,
    "val/cls_contrast_rms_auc": 0.5151182309908191,
    "val/reg_luminance_mean_corr": 0.1145898625254631,
    "val/cls_luminance_mean_acc": 0.5554607508532423,
    "val/cls_luminance_mean_bal_acc": 0.5404368297997175,
    "val/cls_luminance_mean_auc": 0.5740585132573245,
    "val/reg_position_in_movie_corr": 0.16635969281196594,
    "val/cls_position_in_movie_acc": 0.6049488054607508,
    "val/cls_position_in_movie_bal_acc": 0.5862266857962697,
    "val/cls_position_in_movie_auc": 0.6280517694882831,
    "val/reg_narrative_event_score_corr": -0.020603220909833908,
    "val/cls_narrative_event_score_acc": 0.53839590443686,
    "val/cls_narrative_event_score_bal_acc": 0.5378727208659617,
    "val/cls_narrative_event_score_auc": 0.527728190059612,
    "test/reg_contrast_rms_corr": 0.12083946913480759,
    "test/cls_contrast_rms_acc": 0.48148148148148145,
    "test/cls_contrast_rms_bal_acc": 0.48174900868074166,
    "test/cls_contrast_rms_auc": 0.5030972028721467,
    "test/reg_luminance_mean_corr": 0.13982680439949036,
    "test/cls_luminance_mean_acc": 0.5208333333333334,
    "test/cls_luminance_mean_bal_acc": 0.5171980676328503,
    "test/cls_luminance_mean_auc": 0.553064949006978,
    "test/reg_position_in_movie_corr": 0.2805623710155487,
    "test/cls_position_in_movie_acc": 0.5902777777777778,
    "test/cls_position_in_movie_bal_acc": 0.5865488322951289,
    "test/cls_position_in_movie_auc": 0.6275450683454029,
    "test/reg_narrative_event_score_corr": 0.009589138440787792,
    "test/cls_narrative_event_score_acc": 0.4976851851851852,
    "test/cls_narrative_event_score_bal_acc": 0.5050309597523219,
    "test/cls_narrative_event_score_auc": 0.5102984176126591,
    "val/subject/age_reg/mae": 2.4703783181017984,
    "val/subject/age_reg/corr": 0.4359803009693669,
    "val/subject/age_reg/r2": 0.18060197000082667,
    "val/subject/age_cls/bal_acc": 0.637680142242186,
    "val/subject/age_cls/auc": 0.6936646078981845,
    "val/subject/sex/bal_acc": 0.6195462478184991,
    "val/subject/sex/auc": 0.7470998870752489,
    "test/subject/age_reg/mae": 2.769418008691293,
    "test/subject/age_reg/corr": 0.479298274333678,
    "test/subject/age_reg/r2": 0.21336828450290668,
    "test/subject/age_cls/bal_acc": 0.6737637362637363,
    "test/subject/age_cls/auc": 0.7390109890109889,
    "test/subject/sex/bal_acc": 0.5541125541125541,
    "test/subject/sex/auc": 0.6399711399711401
  },
  "best_val_mean_corr": 0.09452152391895652
}