{
  "model": "shallow",
  "seed": 456,
  "n_chans": 129,
  "n_times": 400,
  "n_params": 421768,
  "metrics": {
    "val/reg_contrast_rms_corr": -0.004607808776199818,
    "val/cls_contrast_rms_acc": 0.5017064846416383,
    "val/cls_contrast_rms_bal_acc": 0.5040145432510226,
    "val/cls_contrast_rms_auc": 0.5059679186137299,
    "val/reg_luminance_mean_corr": 0.0243820883333683,
    "val/cls_luminance_mean_acc": 0.523037542662116,
    "val/cls_luminance_mean_bal_acc": 0.523301327135955,
    "val/cls_luminance_mean_auc": 0.5254957465831418,
    "val/reg_position_in_movie_corr": 0.03632981330156326,
    "val/cls_position_in_movie_acc": 0.48293515358361777,
    "val/cls_position_in_movie_bal_acc": 0.5047641004240269,
    "val/cls_position_in_movie_auc": 0.49042072916271484,
    "val/reg_narrative_event_score_corr": 0.016734778881072998,
    "val/cls_narrative_event_score_acc": 0.4872013651877133,
    "val/cls_narrative_event_score_bal_acc": 0.49420325316927666,
    "val/cls_narrative_event_score_auc": 0.4972880546234154,
    "test/reg_contrast_rms_corr": 0.10836106538772583,
    "test/cls_contrast_rms_acc": 0.4791666666666667,
    "test/cls_contrast_rms_bal_acc": 0.48408783856232973,
    "test/cls_contrast_rms_auc": 0.5064013210096288,
    "test/reg_luminance_mean_corr": -0.005343317519873381,
    "test/cls_luminance_mean_acc": 0.5162037037037037,
    "test/cls_luminance_mean_bal_acc": 0.5164612581716858,
    "test/cls_luminance_mean_auc": 0.5144357517950917,
    "test/reg_position_in_movie_corr": -0.0471871942281723,
    "test/cls_position_in_movie_acc": 0.48842592592592593,
    "test/cls_position_in_movie_bal_acc": 0.4950479130490707,
    "test/cls_position_in_movie_auc": 0.5141702574656462,
    "test/reg_narrative_event_score_corr": -0.00898934155702591,
    "test/cls_narrative_event_score_acc": 0.5277777777777778,
    "test/cls_narrative_event_score_bal_acc": 0.5059847426668099,
    "test/cls_narrative_event_score_auc": 0.4974320403996991,
    "val/subject/age_reg/mae": 2.494735504293604,
    "val/subject/age_reg/corr": 0.4146047126661539,
    "val/subject/age_reg/r2": 0.1680936559240559,
    "val/subject/age_cls/bal_acc": 0.5915684072618379,
    "val/subject/age_cls/auc": 0.6488396032191653,
    "val/subject/sex/bal_acc": 0.713017144030387,
    "val/subject/sex/auc": 0.7672210245354686,
    "test/subject/age_reg/mae": 2.7406951351872197,
    "test/subject/age_reg/corr": 0.44153673585104986,
    "test/subject/age_reg/r2": 0.1849537813854415,
    "test/subject/age_cls/bal_acc": 0.6442307692307692,
    "test/subject/age_cls/auc": 0.6984890109890111,
    "test/subject/sex/bal_acc": 0.6093073593073592,
    "test/subject/sex/auc": 0.5923520923520923
  },
  "best_val_mean_corr": 0.04572242498397827
}