{
  "random_baseline": false,
  "split": "val",
  "n_recordings": 293,
  "n_windows_total": 29593,
  "encoder_dim": 512,
  "features": {
    "luminance_mean": {
      "r2_mean": 0.08441592454910278,
      "r2_std": 0.02019750679016064,
      "n": 29593
    },
    "contrast_rms": {
      "r2_mean": 0.07393168210983277,
      "r2_std": 0.01796521325087385,
      "n": 29593
    },
    "edge_density": {
      "r2_mean": 0.021245861053466798,
      "r2_std": 0.00541974004485147,
      "n": 29593
    },
    "saturation_mean": {
      "r2_mean": 0.07944169044494628,
      "r2_std": 0.01818984799906165,
      "n": 29593
    },
    "entropy": {
      "r2_mean": 0.07754316329956054,
      "r2_std": 0.01866013497630871,
      "n": 29593
    },
    "motion_energy": {
      "r2_mean": 0.024139142036437987,
      "r2_std": 0.00386214727276725,
      "n": 29593
    },
    "n_faces": {
      "r2_mean": 0.01026918888092041,
      "r2_std": 0.0026488275185117685,
      "n": 29593
    },
    "face_area_frac": {
      "r2_mean": 0.013220095634460449,
      "r2_std": 0.0022201279303490245,
      "n": 29593
    },
    "depth_mean": {
      "r2_mean": 0.020277154445648194,
      "r2_std": 0.002026028295829952,
      "n": 29593
    },
    "scene_natural_score": {
      "r2_mean": 0.024543404579162598,
      "r2_std": 0.005260819486813281,
      "n": 29593
    },
    "position_in_movie": {
      "r2_mean": 0.08286792039871216,
      "r2_std": 0.02945917167614109,
      "n": 29593
    },
    "narrative_event_score": {
      "r2_mean": 0.009334778785705567,
      "r2_std": 0.0009373246178403156,
      "n": 29593
    }
  }
}