{
  "random_baseline": false,
  "split": "val",
  "n_recordings": 293,
  "n_windows_total": 29593,
  "encoder_dim": 512,
  "features": {
    "luminance_mean": {
      "r2_mean": 0.09975990056991577,
      "r2_std": 0.020844121230054625,
      "n": 29593
    },
    "contrast_rms": {
      "r2_mean": 0.08681524991989135,
      "r2_std": 0.021046245484627066,
      "n": 29593
    },
    "edge_density": {
      "r2_mean": 0.028912937641143797,
      "r2_std": 0.004660704880399901,
      "n": 29593
    },
    "saturation_mean": {
      "r2_mean": 0.09135910272598266,
      "r2_std": 0.0185429929984378,
      "n": 29593
    },
    "entropy": {
      "r2_mean": 0.0875282645225525,
      "r2_std": 0.01775115310362586,
      "n": 29593
    },
    "motion_energy": {
      "r2_mean": 0.052970385551452635,
      "r2_std": 0.008916671166354294,
      "n": 29593
    },
    "n_faces": {
      "r2_mean": 0.023763036727905272,
      "r2_std": 0.003835874430882662,
      "n": 29593
    },
    "face_area_frac": {
      "r2_mean": 0.02283705472946167,
      "r2_std": 0.0022730744424419276,
      "n": 29593
    },
    "depth_mean": {
      "r2_mean": 0.02923954725265503,
      "r2_std": 0.00462874540592048,
      "n": 29593
    },
    "scene_natural_score": {
      "r2_mean": 0.039832258224487306,
      "r2_std": 0.00796345234074416,
      "n": 29593
    },
    "position_in_movie": {
      "r2_mean": 0.10124469995498657,
      "r2_std": 0.028874056512255757,
      "n": 29593
    },
    "narrative_event_score": {
      "r2_mean": 0.016285085678100587,
      "r2_std": 0.0023219193963013797,
      "n": 29593
    }
  }
}