{
  "random_baseline": true,
  "split": "val",
  "n_recordings": 293,
  "n_windows_total": 29593,
  "encoder_dim": 512,
  "features": {
    "luminance_mean": {
      "r2_mean": 0.03297058343887329,
      "r2_std": 0.014088006971482265,
      "n": 29593
    },
    "contrast_rms": {
      "r2_mean": 0.02508124113082886,
      "r2_std": 0.011533783982789191,
      "n": 29593
    },
    "edge_density": {
      "r2_mean": 0.005793333053588867,
      "r2_std": 0.003584792853983285,
      "n": 29593
    },
    "saturation_mean": {
      "r2_mean": 0.03447873592376709,
      "r2_std": 0.012814928024973558,
      "n": 29593
    },
    "entropy": {
      "r2_mean": 0.039079713821411136,
      "r2_std": 0.01336985728407139,
      "n": 29593
    },
    "motion_energy": {
      "r2_mean": 0.006197595596313476,
      "r2_std": 0.003357776466646149,
      "n": 29593
    },
    "n_faces": {
      "r2_mean": 0.00337674617767334,
      "r2_std": 0.002323977078788165,
      "n": 29593
    },
    "face_area_frac": {
      "r2_mean": 0.008598530292510986,
      "r2_std": 0.0020457887386184444,
      "n": 29593
    },
    "depth_mean": {
      "r2_mean": 0.0036143183708190916,
      "r2_std": 0.0023570651012359174,
      "n": 29593
    },
    "scene_natural_score": {
      "r2_mean": 0.01264955997467041,
      "r2_std": 0.003999623618671647,
      "n": 29593
    },
    "position_in_movie": {
      "r2_mean": 0.01622816324234009,
      "r2_std": 0.01628151463146435,
      "n": 29593
    },
    "narrative_event_score": {
      "r2_mean": 0.0007642865180969238,
      "r2_std": 0.0017787797950809738,
      "n": 29593
    }
  }
}