{
  "random_baseline": false,
  "n_train_recordings": 701,
  "n_test_recordings": 108,
  "n_train_windows": 70801,
  "n_test_windows": 10908,
  "encoder_dim": 512,
  "features": {
    "luminance_mean": {
      "r2": 0.034528911113739014,
      "pearson_r": 0.22652293741703033,
      "alpha": 3.1622776601683795,
      "n_train": 70801,
      "n_test": 10908
    },
    "contrast_rms": {
      "r2": 0.03177696466445923,
      "pearson_r": 0.21116314828395844,
      "alpha": 10.0,
      "n_train": 70801,
      "n_test": 10908
    },
    "edge_density": {
      "r2": 0.008370578289031982,
      "pearson_r": 0.13131313025951385,
      "alpha": 3.1622776601683795,
      "n_train": 70801,
      "n_test": 10908
    },
    "saturation_mean": {
      "r2": 0.019801616668701172,
      "pearson_r": 0.19828356802463531,
      "alpha": 3.1622776601683795,
      "n_train": 70801,
      "n_test": 10908
    },
    "entropy": {
      "r2": 0.02398502826690674,
      "pearson_r": 0.2033497393131256,
      "alpha": 10.0,
      "n_train": 70801,
      "n_test": 10908
    },
    "motion_energy": {
      "r2": 0.03021329641342163,
      "pearson_r": 0.18789254128932953,
      "alpha": 3.1622776601683795,
      "n_train": 70801,
      "n_test": 10908
    },
    "n_faces": {
      "r2": 0.016541659832000732,
      "pearson_r": 0.14361026883125305,
      "alpha": 3.1622776601683795,
      "n_train": 70801,
      "n_test": 10908
    },
    "face_area_frac": {
      "r2": 0.013371825218200684,
      "pearson_r": 0.1286855936050415,
      "alpha": 10.0,
      "n_train": 70801,
      "n_test": 10908
    },
    "depth_mean": {
      "r2": 0.011581957340240479,
      "pearson_r": 0.13864880800247192,
      "alpha": 10.0,
      "n_train": 70801,
      "n_test": 10908
    },
    "scene_natural_score": {
      "r2": 0.005448818206787109,
      "pearson_r": 0.1297941654920578,
      "alpha": 10.0,
      "n_train": 70801,
      "n_test": 10908
    },
    "position_in_movie": {
      "r2": 0.046038150787353516,
      "pearson_r": 0.2405349314212799,
      "alpha": 3.1622776601683795,
      "n_train": 70801,
      "n_test": 10908
    },
    "narrative_event_score": {
      "r2": 0.011551201343536377,
      "pearson_r": 0.11800112575292587,
      "alpha": 10.0,
      "n_train": 70801,
      "n_test": 10908
    }
  }
}