{
  "random_baseline": false,
  "split": "val",
  "n_recordings": 293,
  "n_windows_total": 29593,
  "encoder_dim": 512,
  "features": {
    "luminance_mean": {
      "r2_mean": 0.056910789012908934,
      "r2_std": 0.021786323370843297,
      "n": 29593
    },
    "contrast_rms": {
      "r2_mean": 0.048096871376037596,
      "r2_std": 0.017021917316033173,
      "n": 29593
    },
    "edge_density": {
      "r2_mean": 0.009664201736450195,
      "r2_std": 0.005218674531230991,
      "n": 29593
    },
    "saturation_mean": {
      "r2_mean": 0.055655825138092044,
      "r2_std": 0.017757388735195462,
      "n": 29593
    },
    "entropy": {
      "r2_mean": 0.060827338695526124,
      "r2_std": 0.01665963438608786,
      "n": 29593
    },
    "motion_energy": {
      "r2_mean": 0.0034903526306152345,
      "r2_std": 0.0031033280375905555,
      "n": 29593
    },
    "n_faces": {
      "r2_mean": 0.0023995161056518553,
      "r2_std": 0.0025801460432324356,
      "n": 29593
    },
    "face_area_frac": {
      "r2_mean": 0.007478582859039307,
      "r2_std": 0.002445818974258979,
      "n": 29593
    },
    "depth_mean": {
      "r2_mean": 0.0036484360694885253,
      "r2_std": 0.0017446575288543064,
      "n": 29593
    },
    "scene_natural_score": {
      "r2_mean": 0.0089019775390625,
      "r2_std": 0.0028949216956304117,
      "n": 29593
    },
    "position_in_movie": {
      "r2_mean": 0.04834238290786743,
      "r2_std": 0.028944561752559807,
      "n": 29593
    },
    "narrative_event_score": {
      "r2_mean": 0.0012800812721252442,
      "r2_std": 0.002054970472878903,
      "n": 29593
    }
  }
}