{
  "S": 293,
  "K": 32,
  "D": 64,
  "var_total": 2.601003885269165,
  "var_subject": 0.15904176235198975,
  "var_within": 2.4419621229171753,
  "eta_sq": 0.061146299416439086,
  "var_stimulus": 0.0175960510969162,
  "var_residual": 2.424366071820259,
  "eta_sq_stimulus": 0.00676509988953564,
  "stim_frac_of_within": 0.007205701895120266,
  "trace_identity_residual": 3.4143880441345115e-16,
  "eigvals_total": [
    1.5322661074501065,
    0.6490340507991401,
    0.16578406120840317,
    0.11449963924980698,
    0.05007416528324665,
    0.01803740532039151,
    0.013418496062484273,
    0.011582499199278097,
    0.009879924848306961,
    0.006866577040542769,
    0.00494946672314517,
    0.0040103227713954095,
    0.003047578972253928,
    0.002388040646501664,
    0.001996491128637536,
    0.0016450710169042904,
    0.001442721070747606,
    0.0011876685659344764,
    0.0010363686996855035,
    0.000979408334951243,
    0.0008515180047844867,
    0.0007473304157705135,
    0.0006190036065618526,
    0.0004931323439204568,
    0.0004443515248774489,
    0.0004048864825464245,
    0.0003682841645075339,
    0.0003365393306024913,
    0.0002938016648227111,
    0.00027201525854072547,
    0.0002176235612531503,
    0.00019784666785308653,
    0.0001917937258693742,
    0.00015871828503027764,
    0.00014285668180928532,
    0.00013887946818052463,
    0.0001332311603340896,
    0.0001073046530899414,
    9.897111120782463e-05,
    8.760940373472238e-05
  ],
  "eigvals_subject": [
    0.09886065953814394,
    0.022624243053215486,
    0.02206731925541969,
    0.00854488097144431,
    0.004081637384548744,
    0.0011300316851122474,
    0.00043317246841656,
    0.00031417838371867253,
    0.00023230181923680526,
    0.00013408416016522784,
    0.0001076043128216646,
    8.539295604212773e-05,
    6.189393447106955e-05,
    5.3775041527061737e-05,
    4.8599299963038736e-05,
    4.0985622378037475e-05,
    3.7845694038073324e-05,
    3.1572989316176204e-05,
    2.5061853032313002e-05,
    1.9867775684674568e-05,
    1.8595746455345307e-05,
    1.4629135604329111e-05,
    1.2723897405048283e-05,
    9.963475542902153e-06,
    7.805648795097867e-06,
    7.4316145913907755e-06,
    6.325967012633936e-06,
    5.892242178925269e-06,
    4.974333606709079e-06,
    4.649950116731123e-06,
    3.990294162188269e-06,
    3.4026135627264533e-06,
    2.8503741672651097e-06,
    2.6125306462989903e-06,
    2.227456783250484e-06,
    1.8738200710819602e-06,
    1.523895850569972e-06,
    1.33202468637644e-06,
    1.2715916156973838e-06,
    1.0476899498959457e-06
  ],
  "eigvals_within": [
    1.507636031623662,
    0.6374932866614971,
    0.11158597493110806,
    0.07544660951512754,
    0.026555545056829534,
    0.016136006823784667,
    0.012887522654905198,
    0.010941418134230425,
    0.009158176290889917,
    0.006564144185016572,
    0.004514813707786289,
    0.0038254051784671565,
    0.0026756872305543885,
    0.002150571640877426,
    0.001918256735975405,
    0.001535313310259028,
    0.0013965234245920987,
    0.001112102266211382,
    0.0009932501107370823,
    0.0009517298472803723,
    0.0008100591909111503,
    0.0007151987454896736,
    0.0005712581494517078,
    0.00047406397768266274,
    0.00042168399785774143,
    0.00036714804117452676,
    0.00034080933905441033,
    0.0003117891973377215,
    0.00028358260256150503,
    0.0002610189493221631,
    0.0001924408117071498,
    0.00018662198427313456,
    0.00018027560922673542,
    0.00015192845081968,
    0.0001336821670341997,
    0.00013206572441629402,
    0.00012274651369694874,
    0.00010062823706235123,
    9.413442297332552e-05,
    8.171261426727914e-05
  ],
  "eff_rank_total": 3.507118791686231,
  "eff_rank_subject": 3.3551316893416625,
  "eff_rank_within": 3.166360043978133,
  "principal_angles_deg": {
    "k=1": [
      77.8692925822556
    ],
    "k=2": [
      80.98704877327089,
      24.817890733107095
    ],
    "k=5": [
      29.377675980409627,
      11.081099704445663,
      7.240687177731048,
      3.1857723405373743,
      1.3747030893381855
    ],
    "k=10": [
      89.46541400651226,
      62.165606794790314,
      23.703419724307384,
      16.80992414228555,
      8.13512215178103,
      4.353834075491805,
      3.530362605204369,
      1.7154475993942875,
      1.41997438960833,
      0.7802532557406812
    ]
  },
  "checkpoint": "/u/dtyoung/eb_jepa_eeg/checkpoints/eeg_jepa/dev_2026-04-12_12-41/eeg_jepa_bs64_lr0.0005_std1.0_cov1.0_nw2_ws1s_seed2025/latest.pth.tar",
  "run_name": "eeg_jepa_bs64_lr0.0005_std1.0_cov1.0_nw2_ws1s_seed2025",
  "split": "val",
  "n_windows": 2,
  "window_size_seconds": 1,
  "n_clips_per_rec": 32,
  "embed_dim": 64,
  "encoder_depth": 2
}