{
  "S": 293,
  "K": 32,
  "D": 64,
  "var_total": 4.54113245010376,
  "var_subject": 1.2620947360992432,
  "var_within": 3.2790377140045166,
  "eta_sq": 0.27792511008358844,
  "var_stimulus": 0.03537450730800629,
  "var_residual": 3.2436632066965103,
  "eta_sq_stimulus": 0.007789798623292306,
  "stim_frac_of_within": 0.01078807576897469,
  "trace_identity_residual": 3.9112874142136464e-16,
  "eigvals_total": [
    1.997919405153037,
    1.3290563797348838,
    0.9416860895465362,
    0.18488212228781586,
    0.024825254508457083,
    0.020836660024009603,
    0.010396843060690112,
    0.005684995522087993,
    0.005516914295270808,
    0.0036920033823362054,
    0.002452143337403273,
    0.002059661997919061,
    0.0016640027474879302,
    0.0014033406929207337,
    0.0012591386305081263,
    0.0010959021212039617,
    0.00089991961788229,
    0.0007126325631416482,
    0.0005979281399698545,
    0.0005439039156366251,
    0.0004715855208143001,
    0.00036963218397973157,
    0.0003312523527784429,
    0.0003236730203414534,
    0.00028696054120310843,
    0.0002749122002036339,
    0.0002557181857025643,
    0.00022453640981775,
    0.0001736401234086203,
    0.00016160292137484602,
    0.00014233517250080064,
    0.0001353739431041607,
    0.00012314563841229196,
    0.00010916067016830005,
    0.00010202821683370397,
    9.334083668135294e-05,
    8.093055519601664e-05,
    7.955774201441347e-05,
    6.823344284336611e-05,
    6.511184957729573e-05
  ],
  "eigvals_subject": [
    1.053026872820349,
    0.1323756069892838,
    0.03283664994231403,
    0.02671498454656301,
    0.011410898813968487,
    0.0024104018059294815,
    0.0009298219896062453,
    0.0008444326404431204,
    0.00044934563654265157,
    0.00029452760396952494,
    0.00022339550082565177,
    0.00011434014579666923,
    9.55355952947449e-05,
    7.476305499440412e-05,
    6.428169615510045e-05,
    6.399007469990933e-05,
    4.467179917149104e-05,
    4.020225391363705e-05,
    2.9568336493910347e-05,
    2.8852245721730257e-05,
    2.6893085195825548e-05,
    2.081014908207189e-05,
    1.4543496073047301e-05,
    1.2761771575694658e-05,
    1.0560353027989997e-05,
    9.39870472481739e-06,
    8.402267176069441e-06,
    6.883008756756673e-06,
    6.413625435815645e-06,
    5.327998781623291e-06,
    4.442421695131623e-06,
    3.284546547614119e-06,
    3.235619619458766e-06,
    2.8923284747546682e-06,
    2.6275008744493893e-06,
    2.267373526555499e-06,
    2.035648682189758e-06,
    1.7357977895035603e-06,
    1.625192132850653e-06,
    1.3255237000514482e-06
  ],
  "eigvals_within": [
    1.5485891425675973,
    1.1539954098336438,
    0.4454045670667521,
    0.06315318736517281,
    0.021967991292708107,
    0.012041839030614225,
    0.006933784019247162,
    0.005291217872843412,
    0.004817778005414031,
    0.003357639004305495,
    0.002285926486058504,
    0.00156992898419736,
    0.001325915490367505,
    0.0010492031972089491,
    0.0009306381961603319,
    0.000743477292394211,
    0.0006860335525627709,
    0.0005581445570939883,
    0.0004824097378728641,
    0.00039956078473822083,
    0.00037249137477664713,
    0.0003280690135269631,
    0.0002944563096373257,
    0.00027296926754946194,
    0.0002520762466542935,
    0.0002202363834529296,
    0.00021235008363337465,
    0.00017757994122636811,
    0.00015279399196875142,
    0.00013690459591283405,
    0.0001330653688618874,
    0.00012014317668158865,
    0.00011193309684922089,
    9.540094457517467e-05,
    8.365262508554338e-05,
    7.854353239443959e-05,
    7.23708590269523e-05,
    6.677025638889693e-05,
    6.165792080214725e-05,
    5.849717348509085e-05
  ],
  "eff_rank_total": 3.666598857900012,
  "eff_rank_subject": 1.8983932038871136,
  "eff_rank_within": 3.317265479249315,
  "principal_angles_deg": {
    "k=1": [
      67.29536694888917
    ],
    "k=2": [
      87.51722317297364,
      54.657416756757314
    ],
    "k=5": [
      83.1678611333377,
      6.068346651761576,
      3.5884688623395924,
      2.329736672959452,
      1.3871062265931668
    ],
    "k=10": [
      85.10549463270632,
      69.34364156293688,
      37.16406378304935,
      21.579340682231027,
      15.676979039920912,
      6.243555512947519,
      1.1512579051808802,
      1.1045606984536385,
      0.6026246778938886,
      0.43135081477288717
    ]
  },
  "checkpoint": "/u/dtyoung/eb_jepa_eeg/checkpoints/eeg_jepa/dev_2026-04-12_20-47/eeg_jepa_bs32_lr0.0005_std0.1_cov0.1_nw4_ws4s_seed2025/latest.pth.tar",
  "run_name": "eeg_jepa_bs32_lr0.0005_std0.1_cov0.1_nw4_ws4s_seed2025",
  "split": "val",
  "n_windows": 4,
  "window_size_seconds": 4,
  "n_clips_per_rec": 32,
  "embed_dim": 64,
  "encoder_depth": 2
}