{
  "baseline": "exp6",
  "seed": 2025,
  "n_windows": 4,
  "window_size_seconds": 2,
  "norm_mode": "per_recording",
  "corrca_filters": "corrca_filters.npz",
  "n_chans_in": 5,
  "feat_dim": 64,
  "metrics": {
    "val/reg_contrast_rms_corr": 0.15963079035282135,
    "val/reg_luminance_mean_corr": 0.16108369827270508,
    "val/reg_position_in_movie_corr": 0.18736052513122559,
    "val/reg_narrative_event_score_corr": 0.07402949035167694,
    "val/cls_contrast_rms_acc": 0.5281569965870307,
    "val/cls_contrast_rms_bal_acc": 0.5277719402706269,
    "val/cls_contrast_rms_auc": 0.5290999731474672,
    "val/cls_luminance_mean_acc": 0.5307167235494881,
    "val/cls_luminance_mean_bal_acc": 0.5365924759864154,
    "val/cls_luminance_mean_auc": 0.5331088664421998,
    "val/cls_position_in_movie_acc": 0.5110921501706485,
    "val/cls_position_in_movie_bal_acc": 0.5150682497939546,
    "val/cls_position_in_movie_auc": 0.5630265805790239,
    "val/cls_narrative_event_score_acc": 0.5,
    "val/cls_narrative_event_score_bal_acc": 0.5,
    "val/cls_narrative_event_score_auc": 0.5148895153117683,
    "val/movie_id/top1_acc": 0.0477815717458725,
    "val/movie_id/top5_acc": 0.24573378264904022,
    "val/movie_id/chance": 0.05,
    "val/movie_id/n_bins": 20,
    "val/subject/age_reg/mae": 2.672383203338519,
    "val/subject/age_reg/corr": 0.18328693462430773,
    "val/subject/age_reg/r2": 0.015238254403860174,
    "val/subject/age_cls/bal_acc": 0.5575519371139809,
    "val/subject/age_cls/auc": 0.5861875350926447,
    "val/subject/sex/bal_acc": 0.5656246791910482,
    "val/subject/sex/auc": 0.8089518529925059,
    "test/reg_contrast_rms_corr": 0.18465770781040192,
    "test/reg_luminance_mean_corr": 0.09818749874830246,
    "test/reg_position_in_movie_corr": 0.16392791271209717,
    "test/reg_narrative_event_score_corr": 0.047970786690711975,
    "test/cls_contrast_rms_acc": 0.5347222222222222,
    "test/cls_contrast_rms_bal_acc": 0.5316379310344828,
    "test/cls_contrast_rms_auc": 0.5549568965517242,
    "test/cls_luminance_mean_acc": 0.49074074074074076,
    "test/cls_luminance_mean_bal_acc": 0.4989371980676328,
    "test/cls_luminance_mean_auc": 0.4784326355340848,
    "test/cls_position_in_movie_acc": 0.4930555555555556,
    "test/cls_position_in_movie_bal_acc": 0.5038815380326392,
    "test/cls_position_in_movie_auc": 0.6042117904398361,
    "test/cls_narrative_event_score_acc": 0.5,
    "test/cls_narrative_event_score_bal_acc": 0.5,
    "test/cls_narrative_event_score_auc": 0.495391803840878,
    "test/movie_id/top1_acc": 0.0555555559694767,
    "test/movie_id/top5_acc": 0.23148147761821747,
    "test/movie_id/chance": 0.05,
    "test/movie_id/n_bins": 20,
    "test/subject/age_reg/mae": 3.0192128570132786,
    "test/subject/age_reg/corr": 0.3692810478072498,
    "test/subject/age_reg/r2": 0.06217301660423791,
    "test/subject/age_cls/bal_acc": 0.6435439560439561,
    "test/subject/age_cls/auc": 0.6778846153846154,
    "test/subject/sex/bal_acc": 0.5876623376623377,
    "test/subject/sex/auc": 0.6071428571428571
  }
}