{
  "baseline": "exp6",
  "seed": 123,
  "n_windows": 4,
  "window_size_seconds": 2,
  "norm_mode": "per_recording",
  "corrca_filters": "corrca_filters.npz",
  "n_chans_in": 5,
  "feat_dim": 64,
  "metrics": {
    "val/reg_contrast_rms_corr": 0.12324351817369461,
    "val/reg_luminance_mean_corr": 0.12245643138885498,
    "val/reg_position_in_movie_corr": 0.21233275532722473,
    "val/reg_narrative_event_score_corr": 0.03188145160675049,
    "val/cls_contrast_rms_acc": 0.5486348122866894,
    "val/cls_contrast_rms_bal_acc": 0.5370931709667528,
    "val/cls_contrast_rms_auc": 0.5599967877115365,
    "val/cls_luminance_mean_acc": 0.5332764505119454,
    "val/cls_luminance_mean_bal_acc": 0.5329154472254983,
    "val/cls_luminance_mean_auc": 0.5624310196712241,
    "val/cls_position_in_movie_acc": 0.5733788395904437,
    "val/cls_position_in_movie_bal_acc": 0.5690911847368483,
    "val/cls_position_in_movie_auc": 0.5976804394220341,
    "val/cls_narrative_event_score_acc": 0.5136518771331058,
    "val/cls_narrative_event_score_bal_acc": 0.5085428600580115,
    "val/cls_narrative_event_score_auc": 0.5190607372425554,
    "val/movie_id/top1_acc": 0.06825938820838928,
    "val/movie_id/top5_acc": 0.22184300422668457,
    "val/movie_id/chance": 0.05,
    "val/movie_id/n_bins": 20,
    "val/subject/age_reg/mae": 2.6744864314368972,
    "val/subject/age_reg/corr": 0.13779226291534824,
    "val/subject/age_reg/r2": -0.007222117918545434,
    "val/subject/age_cls/bal_acc": 0.5537151413063821,
    "val/subject/age_cls/auc": 0.5794965375257346,
    "val/subject/sex/bal_acc": 0.5466841186736475,
    "val/subject/sex/auc": 0.8159839852171235,
    "test/reg_contrast_rms_corr": 0.03264409303665161,
    "test/reg_luminance_mean_corr": 0.059462469071149826,
    "test/reg_position_in_movie_corr": -0.00805961899459362,
    "test/reg_narrative_event_score_corr": -0.0901734009385109,
    "test/cls_contrast_rms_acc": 0.4861111111111111,
    "test/cls_contrast_rms_bal_acc": 0.5001828468173898,
    "test/cls_contrast_rms_auc": 0.4953858067846925,
    "test/cls_luminance_mean_acc": 0.5092592592592593,
    "test/cls_luminance_mean_bal_acc": 0.5258717176065433,
    "test/cls_luminance_mean_auc": 0.5096642272922944,
    "test/cls_position_in_movie_acc": 0.5416666666666666,
    "test/cls_position_in_movie_bal_acc": 0.5333333333333333,
    "test/cls_position_in_movie_auc": 0.5240579710144928,
    "test/cls_narrative_event_score_acc": 0.5069444444444444,
    "test/cls_narrative_event_score_bal_acc": 0.5049520869509293,
    "test/cls_narrative_event_score_auc": 0.5279653568289493,
    "test/movie_id/top1_acc": 0.03703703731298447,
    "test/movie_id/top5_acc": 0.18518517911434174,
    "test/movie_id/chance": 0.05,
    "test/movie_id/n_bins": 20,
    "test/subject/age_reg/mae": 3.1171590386426007,
    "test/subject/age_reg/corr": 0.07657059096287576,
    "test/subject/age_reg/r2": -0.021195781051171148,
    "test/subject/age_cls/bal_acc": 0.5810439560439561,
    "test/subject/age_cls/auc": 0.6277472527472527,
    "test/subject/sex/bal_acc": 0.6103896103896104,
    "test/subject/sex/auc": 0.6273448773448773
  }
}