{
  "baseline": "exp6",
  "seed": 42,
  "n_windows": 4,
  "window_size_seconds": 2,
  "norm_mode": "per_recording",
  "corrca_filters": "corrca_filters.npz",
  "n_chans_in": 5,
  "feat_dim": 64,
  "metrics": {
    "val/reg_contrast_rms_corr": 0.05277174338698387,
    "val/reg_luminance_mean_corr": 0.0605522021651268,
    "val/reg_position_in_movie_corr": 0.060626834630966187,
    "val/reg_narrative_event_score_corr": 0.057683754712343216,
    "val/cls_contrast_rms_acc": 0.5119453924914675,
    "val/cls_contrast_rms_bal_acc": 0.5,
    "val/cls_contrast_rms_auc": 0.5016666666666667,
    "val/cls_luminance_mean_acc": 0.4761092150170648,
    "val/cls_luminance_mean_bal_acc": 0.4976073762838468,
    "val/cls_luminance_mean_auc": 0.5225796568627451,
    "val/cls_position_in_movie_acc": 0.48464163822525597,
    "val/cls_position_in_movie_bal_acc": 0.5,
    "val/cls_position_in_movie_auc": 0.48623321052140656,
    "val/cls_narrative_event_score_acc": 0.5017064846416383,
    "val/cls_narrative_event_score_bal_acc": 0.49657168000792606,
    "val/cls_narrative_event_score_auc": 0.521138149785384,
    "val/movie_id/top1_acc": 0.037542663514614105,
    "val/movie_id/top5_acc": 0.2389078438282013,
    "val/movie_id/chance": 0.05,
    "val/movie_id/n_bins": 20,
    "val/subject/age_reg/mae": 2.7292709583686077,
    "val/subject/age_reg/corr": -0.11060294736900692,
    "val/subject/age_reg/r2": -0.062321949818848976,
    "val/subject/age_cls/bal_acc": 0.5333380123526109,
    "val/subject/age_cls/auc": 0.5568032940295713,
    "val/subject/sex/bal_acc": 0.5,
    "val/subject/sex/auc": 0.8064880402422749,
    "test/reg_contrast_rms_corr": 0.03775443136692047,
    "test/reg_luminance_mean_corr": 0.08823212236166,
    "test/reg_position_in_movie_corr": 0.049538251012563705,
    "test/reg_narrative_event_score_corr": 0.023684319108724594,
    "test/cls_contrast_rms_acc": 0.45601851851851855,
    "test/cls_contrast_rms_bal_acc": 0.5,
    "test/cls_contrast_rms_auc": 0.555362350145804,
    "test/cls_luminance_mean_acc": 0.4351851851851852,
    "test/cls_luminance_mean_bal_acc": 0.49214659685863876,
    "test/cls_luminance_mean_auc": 0.538745627946384,
    "test/cls_position_in_movie_acc": 0.4212962962962963,
    "test/cls_position_in_movie_bal_acc": 0.5,
    "test/cls_position_in_movie_auc": 0.46483516483516485,
    "test/cls_narrative_event_score_acc": 0.5416666666666666,
    "test/cls_narrative_event_score_bal_acc": 0.5248640248640248,
    "test/cls_narrative_event_score_auc": 0.5128636795303463,
    "test/movie_id/top1_acc": 0.03703703731298447,
    "test/movie_id/top5_acc": 0.20370370149612427,
    "test/movie_id/chance": 0.05,
    "test/movie_id/n_bins": 20,
    "test/subject/age_reg/mae": 3.250227084053887,
    "test/subject/age_reg/corr": -0.2706841904875114,
    "test/subject/age_reg/r2": -0.12913275686410808,
    "test/subject/age_cls/bal_acc": 0.5872252747252747,
    "test/subject/age_cls/auc": 0.6383928571428571,
    "test/subject/sex/bal_acc": 0.5,
    "test/subject/sex/auc": 0.6302308802308801
  }
}