{
  "baseline": "psd_band",
  "seed": 456,
  "n_windows": 4,
  "window_size_seconds": 2,
  "norm_mode": "per_recording",
  "corrca_filters": null,
  "n_chans_in": 129,
  "feat_dim": 645,
  "metrics": {
    "val/reg_contrast_rms_corr": -0.06857816129922867,
    "val/reg_luminance_mean_corr": -0.04968773201107979,
    "val/reg_position_in_movie_corr": -0.08203423023223877,
    "val/reg_narrative_event_score_corr": 0.001170878647826612,
    "val/cls_contrast_rms_acc": 0.5017064846416383,
    "val/cls_contrast_rms_bal_acc": 0.501993006993007,
    "val/cls_contrast_rms_auc": 0.4871488927738928,
    "val/cls_luminance_mean_acc": 0.48976109215017066,
    "val/cls_luminance_mean_bal_acc": 0.49166120075210984,
    "val/cls_luminance_mean_auc": 0.46991414870202747,
    "val/cls_position_in_movie_acc": 0.5059726962457338,
    "val/cls_position_in_movie_bal_acc": 0.5086493679308051,
    "val/cls_position_in_movie_auc": 0.4795617099135064,
    "val/cls_narrative_event_score_acc": 0.5307167235494881,
    "val/cls_narrative_event_score_bal_acc": 0.5271546136479499,
    "val/cls_narrative_event_score_auc": 0.523750637244192,
    "val/movie_id/top1_acc": 0.061433445662260056,
    "val/movie_id/top5_acc": 0.266211599111557,
    "val/movie_id/chance": 0.05,
    "val/movie_id/n_bins": 20,
    "val/subject/age_reg/mae": 2.9652414961232263,
    "val/subject/age_reg/corr": 0.021027688690908628,
    "val/subject/age_reg/r2": -0.33321235969411944,
    "val/subject/age_cls/bal_acc": 0.6272693243496164,
    "val/subject/age_cls/auc": 0.6418210743028261,
    "val/subject/sex/bal_acc": 0.5336464428703418,
    "val/subject/sex/auc": 0.6917667590596448,
    "test/reg_contrast_rms_corr": 0.0453791506588459,
    "test/reg_luminance_mean_corr": 0.112040214240551,
    "test/reg_position_in_movie_corr": -0.00738709419965744,
    "test/reg_narrative_event_score_corr": 0.07057427614927292,
    "test/cls_contrast_rms_acc": 0.5231481481481481,
    "test/cls_contrast_rms_bal_acc": 0.5244067142581517,
    "test/cls_contrast_rms_auc": 0.4938152507128004,
    "test/cls_luminance_mean_acc": 0.45601851851851855,
    "test/cls_luminance_mean_bal_acc": 0.45759005145797604,
    "test/cls_luminance_mean_auc": 0.4507075471698113,
    "test/cls_position_in_movie_acc": 0.46064814814814814,
    "test/cls_position_in_movie_bal_acc": 0.4623927958833619,
    "test/cls_position_in_movie_auc": 0.4580617495711835,
    "test/cls_narrative_event_score_acc": 0.5185185185185185,
    "test/cls_narrative_event_score_bal_acc": 0.5174793698424607,
    "test/cls_narrative_event_score_auc": 0.49919622762833565,
    "test/movie_id/top1_acc": 0.0833333358168602,
    "test/movie_id/top5_acc": 0.3055555522441864,
    "test/movie_id/chance": 0.05,
    "test/movie_id/n_bins": 20,
    "test/subject/age_reg/mae": 3.3284195373393866,
    "test/subject/age_reg/corr": 0.21908755037214664,
    "test/subject/age_reg/r2": -0.24591989414836468,
    "test/subject/age_cls/bal_acc": 0.5995879120879121,
    "test/subject/age_cls/auc": 0.6510989010989011,
    "test/subject/sex/bal_acc": 0.5097402597402597,
    "test/subject/sex/auc": 0.5414862914862915
  }
}