{
  "baseline": "psd_band",
  "seed": 123,
  "n_windows": 4,
  "window_size_seconds": 2,
  "norm_mode": "per_recording",
  "corrca_filters": null,
  "n_chans_in": 129,
  "feat_dim": 645,
  "metrics": {
    "val/reg_contrast_rms_corr": 0.05684705078601837,
    "val/reg_luminance_mean_corr": 0.010109828785061836,
    "val/reg_position_in_movie_corr": 0.02309064194560051,
    "val/reg_narrative_event_score_corr": 0.015879279002547264,
    "val/cls_contrast_rms_acc": 0.4667235494880546,
    "val/cls_contrast_rms_bal_acc": 0.47031468531468534,
    "val/cls_contrast_rms_auc": 0.4812878787878788,
    "val/cls_luminance_mean_acc": 0.4590443686006826,
    "val/cls_luminance_mean_bal_acc": 0.4613932843449921,
    "val/cls_luminance_mean_auc": 0.4446114280887848,
    "val/cls_position_in_movie_acc": 0.4726962457337884,
    "val/cls_position_in_movie_bal_acc": 0.47658000145655816,
    "val/cls_position_in_movie_auc": 0.47024106037433544,
    "val/cls_narrative_event_score_acc": 0.49573378839590443,
    "val/cls_narrative_event_score_bal_acc": 0.4960009553435159,
    "val/cls_narrative_event_score_auc": 0.4895174350191651,
    "val/movie_id/top1_acc": 0.07849829643964767,
    "val/movie_id/top5_acc": 0.24573378264904022,
    "val/movie_id/chance": 0.05,
    "val/movie_id/n_bins": 20,
    "val/subject/age_reg/mae": 2.7426708695317297,
    "val/subject/age_reg/corr": 0.25537200483239864,
    "val/subject/age_reg/r2": -0.07726895935873324,
    "val/subject/age_cls/bal_acc": 0.6532612764364589,
    "val/subject/age_cls/auc": 0.6858506457046603,
    "val/subject/sex/bal_acc": 0.5604404065291038,
    "val/subject/sex/auc": 0.6811672312904219,
    "test/reg_contrast_rms_corr": -0.029991570860147476,
    "test/reg_luminance_mean_corr": 0.008588775992393494,
    "test/reg_position_in_movie_corr": -0.003652042243629694,
    "test/reg_narrative_event_score_corr": -0.011888230219483376,
    "test/cls_contrast_rms_acc": 0.5046296296296297,
    "test/cls_contrast_rms_bal_acc": 0.5045340536368899,
    "test/cls_contrast_rms_auc": 0.5082856346603212,
    "test/cls_luminance_mean_acc": 0.5138888888888888,
    "test/cls_luminance_mean_bal_acc": 0.5088803088803089,
    "test/cls_luminance_mean_auc": 0.48637923637923636,
    "test/cls_position_in_movie_acc": 0.5416666666666666,
    "test/cls_position_in_movie_bal_acc": 0.5484148122690953,
    "test/cls_position_in_movie_auc": 0.5472334392989088,
    "test/cls_narrative_event_score_acc": 0.5138888888888888,
    "test/cls_narrative_event_score_bal_acc": 0.5120978120978121,
    "test/cls_narrative_event_score_auc": 0.48279708279708283,
    "test/movie_id/top1_acc": 0.02777777798473835,
    "test/movie_id/top5_acc": 0.25925925374031067,
    "test/movie_id/chance": 0.05,
    "test/movie_id/n_bins": 20,
    "test/subject/age_reg/mae": 3.1915588353404285,
    "test/subject/age_reg/corr": 0.34471810881225884,
    "test/subject/age_reg/r2": -0.09250577783814862,
    "test/subject/age_cls/bal_acc": 0.6353021978021978,
    "test/subject/age_cls/auc": 0.6895604395604396,
    "test/subject/sex/bal_acc": 0.5010822510822511,
    "test/subject/sex/auc": 0.621933621933622
  }
}