{
  "baseline": "psd_band",
  "seed": 42,
  "n_windows": 4,
  "window_size_seconds": 2,
  "norm_mode": "per_recording",
  "corrca_filters": null,
  "n_chans_in": 129,
  "feat_dim": 645,
  "metrics": {
    "val/reg_contrast_rms_corr": -0.030810825526714325,
    "val/reg_luminance_mean_corr": 0.04224608093500137,
    "val/reg_position_in_movie_corr": 0.0710064098238945,
    "val/reg_narrative_event_score_corr": 0.0012233066372573376,
    "val/cls_contrast_rms_acc": 0.5196245733788396,
    "val/cls_contrast_rms_bal_acc": 0.5147737118951137,
    "val/cls_contrast_rms_auc": 0.514886031782152,
    "val/cls_luminance_mean_acc": 0.49573378839590443,
    "val/cls_luminance_mean_bal_acc": 0.49654299972017535,
    "val/cls_luminance_mean_auc": 0.49108204691726515,
    "val/cls_position_in_movie_acc": 0.4863481228668942,
    "val/cls_position_in_movie_bal_acc": 0.49436269937505833,
    "val/cls_position_in_movie_auc": 0.535313287006809,
    "val/cls_narrative_event_score_acc": 0.4803754266211604,
    "val/cls_narrative_event_score_bal_acc": 0.4919258931069863,
    "val/cls_narrative_event_score_auc": 0.49727462456860366,
    "val/movie_id/top1_acc": 0.0477815717458725,
    "val/movie_id/top5_acc": 0.2389078438282013,
    "val/movie_id/chance": 0.05,
    "val/movie_id/n_bins": 20,
    "val/subject/age_reg/mae": 2.6125368535793685,
    "val/subject/age_reg/corr": 0.2608856302033624,
    "val/subject/age_reg/r2": -0.02372791368663152,
    "val/subject/age_cls/bal_acc": 0.6112436833239754,
    "val/subject/age_cls/auc": 0.6725622309563914,
    "val/subject/sex/bal_acc": 0.5601067652191767,
    "val/subject/sex/auc": 0.6925880299763885,
    "test/reg_contrast_rms_corr": -0.045345984399318695,
    "test/reg_luminance_mean_corr": 0.01693342998623848,
    "test/reg_position_in_movie_corr": 0.03860049694776535,
    "test/reg_narrative_event_score_corr": -0.05004611238837242,
    "test/cls_contrast_rms_acc": 0.4583333333333333,
    "test/cls_contrast_rms_bal_acc": 0.4618353344768439,
    "test/cls_contrast_rms_auc": 0.4672598627787307,
    "test/cls_luminance_mean_acc": 0.48842592592592593,
    "test/cls_luminance_mean_bal_acc": 0.49088589135982497,
    "test/cls_luminance_mean_auc": 0.4802599129334562,
    "test/cls_position_in_movie_acc": 0.5,
    "test/cls_position_in_movie_bal_acc": 0.4773814702044367,
    "test/cls_position_in_movie_auc": 0.5136798608090475,
    "test/cls_narrative_event_score_acc": 0.5277777777777778,
    "test/cls_narrative_event_score_bal_acc": 0.5119209149059896,
    "test/cls_narrative_event_score_auc": 0.551829596605716,
    "test/movie_id/top1_acc": 0.018518518656492233,
    "test/movie_id/top5_acc": 0.21296297013759613,
    "test/movie_id/chance": 0.05,
    "test/movie_id/n_bins": 20,
    "test/subject/age_reg/mae": 2.759639550703543,
    "test/subject/age_reg/corr": 0.41209954046715025,
    "test/subject/age_reg/r2": 0.1285875224186459,
    "test/subject/age_cls/bal_acc": 0.5995879120879121,
    "test/subject/age_cls/auc": 0.6703296703296703,
    "test/subject/sex/bal_acc": 0.5216450216450216,
    "test/subject/sex/auc": 0.5898268398268398
  }
}