{
  "baseline": "random_init",
  "seed": 42,
  "n_windows": 4,
  "window_size_seconds": 2,
  "norm_mode": "per_recording",
  "corrca_filters": "corrca_filters.npz",
  "n_chans_in": 5,
  "feat_dim": 64,
  "metrics": {
    "val/reg_contrast_rms_corr": 0.014841408468782902,
    "val/reg_luminance_mean_corr": 0.006096288096159697,
    "val/reg_position_in_movie_corr": 0.002935759024694562,
    "val/reg_narrative_event_score_corr": 0.055709097534418106,
    "val/cls_contrast_rms_acc": 0.5119453924914675,
    "val/cls_contrast_rms_bal_acc": 0.5,
    "val/cls_contrast_rms_auc": 0.49801573426573426,
    "val/cls_luminance_mean_acc": 0.4778156996587031,
    "val/cls_luminance_mean_bal_acc": 0.49772408963585435,
    "val/cls_luminance_mean_auc": 0.5118799603174604,
    "val/cls_position_in_movie_acc": 0.48976109215017066,
    "val/cls_position_in_movie_bal_acc": 0.5037601436433169,
    "val/cls_position_in_movie_auc": 0.4886437832291764,
    "val/cls_narrative_event_score_acc": 0.5051194539249146,
    "val/cls_narrative_event_score_bal_acc": 0.5024783562713633,
    "val/cls_narrative_event_score_auc": 0.5121236934356341,
    "val/movie_id/top1_acc": 0.04095563292503357,
    "val/movie_id/top5_acc": 0.255972683429718,
    "val/movie_id/chance": 0.05,
    "val/movie_id/n_bins": 20,
    "val/subject/age_reg/mae": 2.713548413335911,
    "val/subject/age_reg/corr": -0.1258548826673962,
    "val/subject/age_reg/r2": -0.036809317626455895,
    "val/subject/age_cls/bal_acc": 0.4826876286730301,
    "val/subject/age_cls/auc": 0.472440576455175,
    "val/subject/sex/bal_acc": 0.5,
    "val/subject/sex/auc": 0.763833282003901,
    "test/reg_contrast_rms_corr": 0.05896386504173279,
    "test/reg_luminance_mean_corr": 0.0694243460893631,
    "test/reg_position_in_movie_corr": 0.04616616666316986,
    "test/reg_narrative_event_score_corr": -0.008751452900469303,
    "test/cls_contrast_rms_acc": 0.45601851851851855,
    "test/cls_contrast_rms_bal_acc": 0.5,
    "test/cls_contrast_rms_auc": 0.5337725456312776,
    "test/cls_luminance_mean_acc": 0.42824074074074076,
    "test/cls_luminance_mean_bal_acc": 0.48049140796419804,
    "test/cls_luminance_mean_auc": 0.505659229649584,
    "test/cls_position_in_movie_acc": 0.4305555555555556,
    "test/cls_position_in_movie_bal_acc": 0.5035164835164835,
    "test/cls_position_in_movie_auc": 0.4996813186813187,
    "test/cls_narrative_event_score_acc": 0.5185185185185185,
    "test/cls_narrative_event_score_bal_acc": 0.515928515928516,
    "test/cls_narrative_event_score_auc": 0.5241517741517742,
    "test/movie_id/top1_acc": 0.02777777798473835,
    "test/movie_id/top5_acc": 0.1944444477558136,
    "test/movie_id/chance": 0.05,
    "test/movie_id/n_bins": 20,
    "test/subject/age_reg/mae": 3.180503405337863,
    "test/subject/age_reg/corr": -0.2257900820731007,
    "test/subject/age_reg/r2": -0.06475126925153307,
    "test/subject/age_cls/bal_acc": 0.5350274725274725,
    "test/subject/age_cls/auc": 0.5841346153846153,
    "test/subject/sex/bal_acc": 0.5,
    "test/subject/sex/auc": 0.6082251082251082
  }
}