{
  "baseline": "random_init",
  "seed": 456,
  "n_windows": 4,
  "window_size_seconds": 2,
  "norm_mode": "per_recording",
  "corrca_filters": "corrca_filters.npz",
  "n_chans_in": 5,
  "feat_dim": 64,
  "metrics": {
    "val/reg_contrast_rms_corr": 0.011177505366504192,
    "val/reg_luminance_mean_corr": 0.02495945245027542,
    "val/reg_position_in_movie_corr": 0.06715546548366547,
    "val/reg_narrative_event_score_corr": -0.00621447479352355,
    "val/cls_contrast_rms_acc": 0.49573378839590443,
    "val/cls_contrast_rms_bal_acc": 0.48827081267137273,
    "val/cls_contrast_rms_auc": 0.48167843183011494,
    "val/cls_luminance_mean_acc": 0.4709897610921502,
    "val/cls_luminance_mean_bal_acc": 0.5093558282208589,
    "val/cls_luminance_mean_auc": 0.5163550023596036,
    "val/cls_position_in_movie_acc": 0.5034129692832765,
    "val/cls_position_in_movie_bal_acc": 0.5138661791590493,
    "val/cls_position_in_movie_auc": 0.5251202925045704,
    "val/cls_narrative_event_score_acc": 0.5392491467576792,
    "val/cls_narrative_event_score_bal_acc": 0.5348936108238789,
    "val/cls_narrative_event_score_auc": 0.5436435926190233,
    "val/movie_id/top1_acc": 0.05460750684142113,
    "val/movie_id/top5_acc": 0.26279863715171814,
    "val/movie_id/chance": 0.05,
    "val/movie_id/n_bins": 20,
    "val/subject/age_reg/mae": 2.6897863802444406,
    "val/subject/age_reg/corr": 0.10867959929467891,
    "val/subject/age_reg/r2": -0.01070929218444494,
    "val/subject/age_cls/bal_acc": 0.5036964252292719,
    "val/subject/age_cls/auc": 0.5273254725809471,
    "val/subject/sex/bal_acc": 0.5,
    "val/subject/sex/auc": 0.7684529309105841,
    "test/reg_contrast_rms_corr": 0.09047495573759079,
    "test/reg_luminance_mean_corr": 0.048981502652168274,
    "test/reg_position_in_movie_corr": 0.08399365097284317,
    "test/reg_narrative_event_score_corr": -0.013442201539874077,
    "test/cls_contrast_rms_acc": 0.5162037037037037,
    "test/cls_contrast_rms_bal_acc": 0.506578947368421,
    "test/cls_contrast_rms_auc": 0.5101049191606467,
    "test/cls_luminance_mean_acc": 0.5162037037037037,
    "test/cls_luminance_mean_bal_acc": 0.5349199527237564,
    "test/cls_luminance_mean_auc": 0.5697861824433221,
    "test/cls_position_in_movie_acc": 0.5046296296296297,
    "test/cls_position_in_movie_bal_acc": 0.5057764441110277,
    "test/cls_position_in_movie_auc": 0.5322366305862181,
    "test/cls_narrative_event_score_acc": 0.5023148148148148,
    "test/cls_narrative_event_score_bal_acc": 0.5090758898877851,
    "test/cls_narrative_event_score_auc": 0.5246422211255819,
    "test/movie_id/top1_acc": 0.02777777798473835,
    "test/movie_id/top5_acc": 0.25,
    "test/movie_id/chance": 0.05,
    "test/movie_id/n_bins": 20,
    "test/subject/age_reg/mae": 3.1160628811023856,
    "test/subject/age_reg/corr": 0.25780650333205046,
    "test/subject/age_reg/r2": -0.004344500457184042,
    "test/subject/age_cls/bal_acc": 0.5604395604395604,
    "test/subject/age_cls/auc": 0.6383928571428572,
    "test/subject/sex/bal_acc": 0.5,
    "test/subject/sex/auc": 0.6197691197691199
  }
}