{
  "baseline": "random_init",
  "seed": 123,
  "n_windows": 4,
  "window_size_seconds": 2,
  "norm_mode": "per_recording",
  "corrca_filters": "corrca_filters.npz",
  "n_chans_in": 5,
  "feat_dim": 64,
  "metrics": {
    "val/reg_contrast_rms_corr": 0.0869305208325386,
    "val/reg_luminance_mean_corr": 0.019291263073682785,
    "val/reg_position_in_movie_corr": 0.05750470981001854,
    "val/reg_narrative_event_score_corr": -0.026231136173009872,
    "val/cls_contrast_rms_acc": 0.5435153583617748,
    "val/cls_contrast_rms_bal_acc": 0.5278855841254545,
    "val/cls_contrast_rms_auc": 0.5233883802765489,
    "val/cls_luminance_mean_acc": 0.5093856655290102,
    "val/cls_luminance_mean_bal_acc": 0.5089197571310008,
    "val/cls_luminance_mean_auc": 0.5284846896431223,
    "val/cls_position_in_movie_acc": 0.5281569965870307,
    "val/cls_position_in_movie_bal_acc": 0.5257699798248376,
    "val/cls_position_in_movie_auc": 0.5375602047837292,
    "val/cls_narrative_event_score_acc": 0.5255972696245734,
    "val/cls_narrative_event_score_bal_acc": 0.5212762546095879,
    "val/cls_narrative_event_score_auc": 0.5251023947993645,
    "val/movie_id/top1_acc": 0.03412969410419464,
    "val/movie_id/top5_acc": 0.255972683429718,
    "val/movie_id/chance": 0.05,
    "val/movie_id/n_bins": 20,
    "val/subject/age_reg/mae": 2.7016337884115282,
    "val/subject/age_reg/corr": -0.01674538485756656,
    "val/subject/age_reg/r2": -0.018529243090823933,
    "val/subject/age_cls/bal_acc": 0.4968416619876474,
    "val/subject/age_cls/auc": 0.49101628298708594,
    "val/subject/sex/bal_acc": 0.4973821989528796,
    "val/subject/sex/auc": 0.7726619443588953,
    "test/reg_contrast_rms_corr": 0.04757270961999893,
    "test/reg_luminance_mean_corr": 0.0690174251794815,
    "test/reg_position_in_movie_corr": 0.009030742570757866,
    "test/reg_narrative_event_score_corr": -0.025236012414097786,
    "test/cls_contrast_rms_acc": 0.5,
    "test/cls_contrast_rms_bal_acc": 0.5188762449717125,
    "test/cls_contrast_rms_auc": 0.5052057564480392,
    "test/cls_luminance_mean_acc": 0.47685185185185186,
    "test/cls_luminance_mean_bal_acc": 0.49875161429186393,
    "test/cls_luminance_mean_auc": 0.5191562634524322,
    "test/cls_position_in_movie_acc": 0.5555555555555556,
    "test/cls_position_in_movie_bal_acc": 0.5503381642512077,
    "test/cls_position_in_movie_auc": 0.547289318303811,
    "test/cls_narrative_event_score_acc": 0.5208333333333334,
    "test/cls_narrative_event_score_bal_acc": 0.5191009068107274,
    "test/cls_narrative_event_score_auc": 0.5357900829635347,
    "test/movie_id/top1_acc": 0.02777777798473835,
    "test/movie_id/top5_acc": 0.24074074625968933,
    "test/movie_id/chance": 0.05,
    "test/movie_id/n_bins": 20,
    "test/subject/age_reg/mae": 3.1504809225859467,
    "test/subject/age_reg/corr": -0.08564297584536772,
    "test/subject/age_reg/r2": -0.028065376061694236,
    "test/subject/age_cls/bal_acc": 0.5755494505494505,
    "test/subject/age_cls/auc": 0.6040521978021978,
    "test/subject/sex/bal_acc": 0.5,
    "test/subject/sex/auc": 0.608946608946609
  }
}