{
  "baseline": "raw_corrca",
  "seed": 42,
  "n_windows": 4,
  "window_size_seconds": 2,
  "norm_mode": "per_recording",
  "corrca_filters": "corrca_filters.npz",
  "n_chans_in": 5,
  "feat_dim": 500,
  "metrics": {
    "val/reg_contrast_rms_corr": 0.037857577204704285,
    "val/reg_luminance_mean_corr": 0.09032145142555237,
    "val/reg_position_in_movie_corr": 0.1133975088596344,
    "val/reg_narrative_event_score_corr": 0.059693969786167145,
    "val/cls_contrast_rms_acc": 0.5255972696245734,
    "val/cls_contrast_rms_bal_acc": 0.5234194257973983,
    "val/cls_contrast_rms_auc": 0.5472049852525447,
    "val/cls_luminance_mean_acc": 0.5435153583617748,
    "val/cls_luminance_mean_bal_acc": 0.5441598265087212,
    "val/cls_luminance_mean_auc": 0.5702024647887324,
    "val/cls_position_in_movie_acc": 0.5537542662116041,
    "val/cls_position_in_movie_bal_acc": 0.5538837328607407,
    "val/cls_position_in_movie_auc": 0.5714019214625501,
    "val/cls_narrative_event_score_acc": 0.5358361774744027,
    "val/cls_narrative_event_score_bal_acc": 0.536289758418058,
    "val/cls_narrative_event_score_auc": 0.5426980342318815,
    "val/movie_id/top1_acc": 0.16723549365997314,
    "val/movie_id/top5_acc": 0.47098976373672485,
    "val/movie_id/chance": 0.05,
    "val/movie_id/n_bins": 20,
    "val/subject/age_reg/mae": 2.9330239575382793,
    "val/subject/age_reg/corr": 0.19938651088111928,
    "val/subject/age_reg/r2": -0.1337058404897833,
    "val/subject/age_cls/bal_acc": 0.584526483249111,
    "val/subject/age_cls/auc": 0.6055586749017406,
    "val/subject/sex/bal_acc": 0.5521507032132225,
    "val/subject/sex/auc": 0.6279642747151216,
    "test/reg_contrast_rms_corr": 0.038589198142290115,
    "test/reg_luminance_mean_corr": 0.11751165241003036,
    "test/reg_position_in_movie_corr": 0.09355735778808594,
    "test/reg_narrative_event_score_corr": 0.040584828704595566,
    "test/cls_contrast_rms_acc": 0.5162037037037037,
    "test/cls_contrast_rms_bal_acc": 0.5186535162950257,
    "test/cls_contrast_rms_auc": 0.5300600343053173,
    "test/cls_luminance_mean_acc": 0.5231481481481481,
    "test/cls_luminance_mean_bal_acc": 0.5250369925585984,
    "test/cls_luminance_mean_auc": 0.535587913619695,
    "test/cls_position_in_movie_acc": 0.4976851851851852,
    "test/cls_position_in_movie_bal_acc": 0.500761200521966,
    "test/cls_position_in_movie_auc": 0.535080469769465,
    "test/cls_narrative_event_score_acc": 0.5185185185185185,
    "test/cls_narrative_event_score_bal_acc": 0.5152161271564257,
    "test/cls_narrative_event_score_auc": 0.549934311128341,
    "test/movie_id/top1_acc": 0.1388888955116272,
    "test/movie_id/top5_acc": 0.4444444477558136,
    "test/movie_id/chance": 0.05,
    "test/movie_id/n_bins": 20,
    "test/subject/age_reg/mae": 3.3848673344647446,
    "test/subject/age_reg/corr": 0.08865198565901156,
    "test/subject/age_reg/r2": -0.17303362464271532,
    "test/subject/age_cls/bal_acc": 0.5556318681318682,
    "test/subject/age_cls/auc": 0.6092032967032968,
    "test/subject/sex/bal_acc": 0.5411255411255411,
    "test/subject/sex/auc": 0.5891053391053391
  }
}