{
  "baseline": "raw_corrca",
  "seed": 123,
  "n_windows": 4,
  "window_size_seconds": 2,
  "norm_mode": "per_recording",
  "corrca_filters": "corrca_filters.npz",
  "n_chans_in": 5,
  "feat_dim": 500,
  "metrics": {
    "val/reg_contrast_rms_corr": 0.036486778408288956,
    "val/reg_luminance_mean_corr": 0.0858745351433754,
    "val/reg_position_in_movie_corr": 0.13495084643363953,
    "val/reg_narrative_event_score_corr": 0.08016175031661987,
    "val/cls_contrast_rms_acc": 0.5290102389078498,
    "val/cls_contrast_rms_bal_acc": 0.5291899766899766,
    "val/cls_contrast_rms_auc": 0.5621372377622378,
    "val/cls_luminance_mean_acc": 0.5255972696245734,
    "val/cls_luminance_mean_bal_acc": 0.5256518915266479,
    "val/cls_luminance_mean_auc": 0.5412716581184632,
    "val/cls_position_in_movie_acc": 0.560580204778157,
    "val/cls_position_in_movie_bal_acc": 0.5614026655014202,
    "val/cls_position_in_movie_auc": 0.5835175879396985,
    "val/cls_narrative_event_score_acc": 0.5452218430034129,
    "val/cls_narrative_event_score_bal_acc": 0.5456147402514184,
    "val/cls_narrative_event_score_auc": 0.5637517038901122,
    "val/movie_id/top1_acc": 0.12286689132452011,
    "val/movie_id/top5_acc": 0.4163822531700134,
    "val/movie_id/chance": 0.05,
    "val/movie_id/n_bins": 20,
    "val/subject/age_reg/mae": 2.8593177017706655,
    "val/subject/age_reg/corr": 0.23100127735531834,
    "val/subject/age_reg/r2": -0.0792924391515264,
    "val/subject/age_cls/bal_acc": 0.5708169567658619,
    "val/subject/age_cls/auc": 0.602283361407449,
    "val/subject/sex/bal_acc": 0.516836053793245,
    "val/subject/sex/auc": 0.6071245252027513,
    "test/reg_contrast_rms_corr": -0.04900731146335602,
    "test/reg_luminance_mean_corr": 0.13448984920978546,
    "test/reg_position_in_movie_corr": 0.03816806152462959,
    "test/reg_narrative_event_score_corr": 0.10636747628450394,
    "test/cls_contrast_rms_acc": 0.5162037037037037,
    "test/cls_contrast_rms_bal_acc": 0.5171072094668467,
    "test/cls_contrast_rms_auc": 0.5083713850837138,
    "test/cls_luminance_mean_acc": 0.5578703703703703,
    "test/cls_luminance_mean_bal_acc": 0.5578507078507078,
    "test/cls_luminance_mean_auc": 0.5632775632775633,
    "test/cls_position_in_movie_acc": 0.5324074074074074,
    "test/cls_position_in_movie_bal_acc": 0.5322622218403643,
    "test/cls_position_in_movie_auc": 0.5488444024400723,
    "test/cls_narrative_event_score_acc": 0.5277777777777778,
    "test/cls_narrative_event_score_bal_acc": 0.5287001287001287,
    "test/cls_narrative_event_score_auc": 0.574045474045474,
    "test/movie_id/top1_acc": 0.1388888955116272,
    "test/movie_id/top5_acc": 0.46296295523643494,
    "test/movie_id/chance": 0.05,
    "test/movie_id/n_bins": 20,
    "test/subject/age_reg/mae": 3.171635845254969,
    "test/subject/age_reg/corr": 0.1731555220344946,
    "test/subject/age_reg/r2": -0.06606289757004324,
    "test/subject/age_cls/bal_acc": 0.5666208791208791,
    "test/subject/age_cls/auc": 0.6088598901098902,
    "test/subject/sex/bal_acc": 0.5887445887445888,
    "test/subject/sex/auc": 0.5743145743145743
  }
}