{
  "baseline": "raw_corrca",
  "seed": 456,
  "n_windows": 4,
  "window_size_seconds": 2,
  "norm_mode": "per_recording",
  "corrca_filters": "corrca_filters.npz",
  "n_chans_in": 5,
  "feat_dim": 500,
  "metrics": {
    "val/reg_contrast_rms_corr": 0.0893883928656578,
    "val/reg_luminance_mean_corr": 0.11268766224384308,
    "val/reg_position_in_movie_corr": 0.10806786268949509,
    "val/reg_narrative_event_score_corr": 0.08930511027574539,
    "val/cls_contrast_rms_acc": 0.5196245733788396,
    "val/cls_contrast_rms_bal_acc": 0.5204312354312355,
    "val/cls_contrast_rms_auc": 0.5498645104895105,
    "val/cls_luminance_mean_acc": 0.5017064846416383,
    "val/cls_luminance_mean_bal_acc": 0.5037299400935764,
    "val/cls_luminance_mean_auc": 0.5184981124375064,
    "val/cls_position_in_movie_acc": 0.5366894197952219,
    "val/cls_position_in_movie_bal_acc": 0.5407102461743181,
    "val/cls_position_in_movie_auc": 0.5481002281151982,
    "val/cls_narrative_event_score_acc": 0.5281569965870307,
    "val/cls_narrative_event_score_bal_acc": 0.5279105673294007,
    "val/cls_narrative_event_score_auc": 0.5521112810428956,
    "val/movie_id/top1_acc": 0.1331057995557785,
    "val/movie_id/top5_acc": 0.457337886095047,
    "val/movie_id/chance": 0.05,
    "val/movie_id/n_bins": 20,
    "val/subject/age_reg/mae": 2.885368819133251,
    "val/subject/age_reg/corr": 0.206884658030958,
    "val/subject/age_reg/r2": -0.11243582429044108,
    "val/subject/age_cls/bal_acc": 0.5913812464907355,
    "val/subject/age_cls/auc": 0.6121560920830994,
    "val/subject/sex/bal_acc": 0.5145518940560517,
    "val/subject/sex/auc": 0.6081511138486808,
    "test/reg_contrast_rms_corr": 0.017984913662075996,
    "test/reg_luminance_mean_corr": 0.09525897353887558,
    "test/reg_position_in_movie_corr": 0.06774468719959259,
    "test/reg_narrative_event_score_corr": 0.06687531620264053,
    "test/cls_contrast_rms_acc": 0.5138888888888888,
    "test/cls_contrast_rms_bal_acc": 0.514373914721204,
    "test/cls_contrast_rms_auc": 0.5372478401612109,
    "test/cls_luminance_mean_acc": 0.5486111111111112,
    "test/cls_luminance_mean_bal_acc": 0.5491852487135507,
    "test/cls_luminance_mean_auc": 0.5454759862778731,
    "test/cls_position_in_movie_acc": 0.5324074074074074,
    "test/cls_position_in_movie_bal_acc": 0.5331903945111492,
    "test/cls_position_in_movie_auc": 0.5609777015437393,
    "test/cls_narrative_event_score_acc": 0.5,
    "test/cls_narrative_event_score_bal_acc": 0.49994641517522237,
    "test/cls_narrative_event_score_auc": 0.4917586539492016,
    "test/movie_id/top1_acc": 0.12962962687015533,
    "test/movie_id/top5_acc": 0.43518519401550293,
    "test/movie_id/chance": 0.05,
    "test/movie_id/n_bins": 20,
    "test/subject/age_reg/mae": 3.285309410653291,
    "test/subject/age_reg/corr": 0.1197299796063407,
    "test/subject/age_reg/r2": -0.12934407883509125,
    "test/subject/age_cls/bal_acc": 0.5679945054945055,
    "test/subject/age_cls/auc": 0.615728021978022,
    "test/subject/sex/bal_acc": 0.5573593073593074,
    "test/subject/sex/auc": 0.5638528138528139
  }
}