{
  "model": "deep4",
  "seed": 42,
  "n_chans": 129,
  "n_times": 800,
  "n_params": 699508,
  "metrics": {
    "val/reg_contrast_rms_corr": -0.05279512330889702,
    "val/cls_contrast_rms_acc": 0.4129692832764505,
    "val/cls_contrast_rms_bal_acc": 0.48180903077365544,
    "val/cls_contrast_rms_auc": 0.5315406001342153,
    "val/reg_luminance_mean_corr": -0.0412222258746624,
    "val/cls_luminance_mean_acc": 0.46757679180887374,
    "val/cls_luminance_mean_bal_acc": 0.506336681013869,
    "val/cls_luminance_mean_auc": 0.5035389765662361,
    "val/reg_position_in_movie_corr": 0.017259838059544563,
    "val/cls_position_in_movie_acc": 0.4948805460750853,
    "val/cls_position_in_movie_bal_acc": 0.521777819408018,
    "val/cls_position_in_movie_auc": 0.5236043461970775,
    "val/reg_narrative_event_score_corr": 0.006090947426855564,
    "val/cls_narrative_event_score_acc": 0.5324232081911263,
    "val/cls_narrative_event_score_bal_acc": 0.501126443255421,
    "val/cls_narrative_event_score_auc": 0.4451328264338684,
    "test/reg_contrast_rms_corr": -0.1117742583155632,
    "test/cls_contrast_rms_acc": 0.5462962962962963,
    "test/cls_contrast_rms_bal_acc": 0.5196551724137931,
    "test/cls_contrast_rms_auc": 0.5044827586206897,
    "test/reg_luminance_mean_corr": 0.10886319726705551,
    "test/cls_luminance_mean_acc": 0.5185185185185185,
    "test/cls_luminance_mean_bal_acc": 0.5351724137931034,
    "test/cls_luminance_mean_auc": 0.5768965517241379,
    "test/reg_position_in_movie_corr": 0.031947504729032516,
    "test/cls_position_in_movie_acc": 0.5370370370370371,
    "test/cls_position_in_movie_bal_acc": 0.5233516483516484,
    "test/cls_position_in_movie_auc": 0.5346840659340659,
    "test/reg_narrative_event_score_corr": -0.05611078813672066,
    "test/cls_narrative_event_score_acc": 0.5092592592592593,
    "test/cls_narrative_event_score_bal_acc": 0.5092592592592593,
    "test/cls_narrative_event_score_auc": 0.5085733882030178,
    "val/subject/age_reg/mae": 2.7077027326772645,
    "val/subject/age_reg/corr": 0.21576217469040226,
    "val/subject/age_reg/r2": 0.03695931775053951,
    "val/subject/age_cls/bal_acc": 0.5207982406887517,
    "val/subject/age_cls/auc": 0.565506269885832,
    "val/subject/sex/bal_acc": 0.5401652807719947,
    "val/subject/sex/auc": 0.6514218252746125,
    "test/subject/age_reg/mae": 3.0531342848318594,
    "test/subject/age_reg/corr": 0.30630370861892586,
    "test/subject/age_reg/r2": 0.09211747739101706,
    "test/subject/age_cls/bal_acc": 0.5659340659340659,
    "test/subject/age_cls/auc": 0.6432005494505495,
    "test/subject/sex/bal_acc": 0.5367965367965368,
    "test/subject/sex/auc": 0.5919913419913421
  },
  "best_val_mean_corr": 0.10133943799883127
}