{
  "model": "deep4",
  "seed": 456,
  "n_chans": 129,
  "n_times": 800,
  "n_params": 699508,
  "metrics": {
    "val/reg_contrast_rms_corr": 0.05637956038117409,
    "val/cls_contrast_rms_acc": 0.48464163822525597,
    "val/cls_contrast_rms_bal_acc": 0.49874078910549385,
    "val/cls_contrast_rms_auc": 0.5360973789758419,
    "val/reg_luminance_mean_corr": 0.07922817766666412,
    "val/cls_luminance_mean_acc": 0.5187713310580204,
    "val/cls_luminance_mean_bal_acc": 0.5436966112832066,
    "val/cls_luminance_mean_auc": 0.5284426921993804,
    "val/reg_position_in_movie_corr": 0.044638145714998245,
    "val/cls_position_in_movie_acc": 0.48464163822525597,
    "val/cls_position_in_movie_bal_acc": 0.50562558356676,
    "val/cls_position_in_movie_auc": 0.4810924369747899,
    "val/reg_narrative_event_score_corr": -0.025790538638830185,
    "val/cls_narrative_event_score_acc": 0.4778156996587031,
    "val/cls_narrative_event_score_bal_acc": 0.48464912280701755,
    "val/cls_narrative_event_score_auc": 0.5107782754759238,
    "test/reg_contrast_rms_corr": -0.016021352261304855,
    "test/cls_contrast_rms_acc": 0.4351851851851852,
    "test/cls_contrast_rms_bal_acc": 0.4895833333333333,
    "test/cls_contrast_rms_auc": 0.5218750000000001,
    "test/reg_luminance_mean_corr": 0.033274970948696136,
    "test/cls_luminance_mean_acc": 0.5648148148148148,
    "test/cls_luminance_mean_bal_acc": 0.5893103448275863,
    "test/cls_luminance_mean_auc": 0.5968965517241378,
    "test/reg_position_in_movie_corr": 0.08051645755767822,
    "test/cls_position_in_movie_acc": 0.48148148148148145,
    "test/cls_position_in_movie_bal_acc": 0.4902229845626072,
    "test/cls_position_in_movie_auc": 0.4476843910806175,
    "test/reg_narrative_event_score_corr": -0.10658564418554306,
    "test/cls_narrative_event_score_acc": 0.5555555555555556,
    "test/cls_narrative_event_score_bal_acc": 0.5506003430531733,
    "test/cls_narrative_event_score_auc": 0.5361921097770155,
    "val/subject/age_reg/mae": 2.7445424042060518,
    "val/subject/age_reg/corr": 0.2464288517741963,
    "val/subject/age_reg/r2": -0.04338994390669004,
    "val/subject/age_cls/bal_acc": 0.6467574396406514,
    "val/subject/age_cls/auc": 0.6625491297024144,
    "val/subject/sex/bal_acc": 0.5049019607843137,
    "val/subject/sex/auc": 0.658761934093009,
    "test/subject/age_reg/mae": 3.0799393585063792,
    "test/subject/age_reg/corr": 0.388929130089815,
    "test/subject/age_reg/r2": -0.0026937818077836795,
    "test/subject/age_cls/bal_acc": 0.6270604395604396,
    "test/subject/age_cls/auc": 0.6785714285714286,
    "test/subject/sex/bal_acc": 0.5043290043290043,
    "test/subject/sex/auc": 0.5793650793650794
  },
  "best_val_mean_corr": 0.08291712310165167
}