{
  "model": "deep4",
  "seed": 123,
  "n_chans": 129,
  "n_times": 800,
  "n_params": 699508,
  "metrics": {
    "val/reg_contrast_rms_corr": 0.023212896659970284,
    "val/cls_contrast_rms_acc": 0.4812286689419795,
    "val/cls_contrast_rms_bal_acc": 0.5040409231056713,
    "val/cls_contrast_rms_auc": 0.49252546015135945,
    "val/reg_luminance_mean_corr": 0.02644055336713791,
    "val/cls_luminance_mean_acc": 0.49146757679180886,
    "val/cls_luminance_mean_bal_acc": 0.4646500093580386,
    "val/cls_luminance_mean_auc": 0.4995788882650196,
    "val/reg_position_in_movie_corr": 0.0005697297165170312,
    "val/cls_position_in_movie_acc": 0.5255972696245734,
    "val/cls_position_in_movie_bal_acc": 0.5,
    "val/cls_position_in_movie_auc": 0.4682799215173315,
    "val/reg_narrative_event_score_corr": -0.021632157266139984,
    "val/cls_narrative_event_score_acc": 0.49146757679180886,
    "val/cls_narrative_event_score_bal_acc": 0.49009601043997014,
    "val/cls_narrative_event_score_auc": 0.46061707680835196,
    "test/reg_contrast_rms_corr": 0.06874307990074158,
    "test/cls_contrast_rms_acc": 0.48148148148148145,
    "test/cls_contrast_rms_bal_acc": 0.48919382504288167,
    "test/cls_contrast_rms_auc": 0.5471698113207547,
    "test/reg_luminance_mean_corr": -0.030204907059669495,
    "test/cls_luminance_mean_acc": 0.5833333333333334,
    "test/cls_luminance_mean_bal_acc": 0.551193358699412,
    "test/cls_luminance_mean_auc": 0.5102040816326531,
    "test/reg_position_in_movie_corr": 0.10625814646482468,
    "test/cls_position_in_movie_acc": 0.5370370370370371,
    "test/cls_position_in_movie_bal_acc": 0.5,
    "test/cls_position_in_movie_auc": 0.5272413793103449,
    "test/reg_narrative_event_score_corr": -0.22092728316783905,
    "test/cls_narrative_event_score_acc": 0.4537037037037037,
    "test/cls_narrative_event_score_bal_acc": 0.4411968177101349,
    "test/cls_narrative_event_score_auc": 0.4060878588723625,
    "val/subject/age_reg/mae": 2.7282075304675835,
    "val/subject/age_reg/corr": 0.2377503111341431,
    "val/subject/age_reg/r2": 0.015675609829923554,
    "val/subject/age_cls/bal_acc": 0.6258422234699608,
    "val/subject/age_cls/auc": 0.6406045292906607,
    "val/subject/sex/bal_acc": 0.5189405605174007,
    "val/subject/sex/auc": 0.7232830304896828,
    "test/subject/age_reg/mae": 2.9329227764412202,
    "test/subject/age_reg/corr": 0.40741170482626277,
    "test/subject/age_reg/r2": 0.1117753772473733,
    "test/subject/age_cls/bal_acc": 0.5927197802197802,
    "test/subject/age_cls/auc": 0.6672390109890111,
    "test/subject/sex/bal_acc": 0.4891774891774892,
    "test/subject/sex/auc": 0.5288600288600288
  },
  "best_val_mean_corr": 0.09881369862705469
}