{
  "S": 293,
  "K": 32,
  "D": 64,
  "var_total": 81.89653015136719,
  "var_subject": 28.532596588134766,
  "var_within": 53.36393356323242,
  "eta_sq": 0.3483981132704734,
  "var_stimulus": 0.386991024017334,
  "var_residual": 52.97694253921509,
  "eta_sq_stimulus": 0.004725365327469536,
  "stim_frac_of_within": 0.007251920879460234,
  "trace_identity_residual": 0.0,
  "eigvals_total": [
    38.549196911856995,
    15.744420897714066,
    9.881644193387071,
    8.517507311453349,
    6.511080019226314,
    1.1729403896394879,
    0.5254025235232229,
    0.3652764592293178,
    0.205174374569647,
    0.11253812343945871,
    0.05220872740973124,
    0.04869649760123853,
    0.037998888585193485,
    0.026657397955639123,
    0.01708452236041172,
    0.016841326929088307,
    0.013871931833733624,
    0.012568816252582559,
    0.012095786232244948,
    0.010567553683079985,
    0.009720309143000861,
    0.00635380111173192,
    0.005902578897022206,
    0.004824130370042504,
    0.004245447655145297,
    0.004178569217154146,
    0.003696715507162991,
    0.0032106583044585373,
    0.0030504522742988453,
    0.0026715045074963395,
    0.0024498958647088775,
    0.002053847826361469,
    0.0017715568111600418,
    0.0016467908197082379,
    0.0013798230804106869,
    0.0013042521481474133,
    0.001194714956763493,
    0.0011331783745173814,
    0.0009874219129953764,
    0.0009171488516056079
  ],
  "eigvals_subject": [
    19.380908605396446,
    4.732182753691182,
    3.840554249523015,
    0.19562241930699817,
    0.14757293097308882,
    0.08975841746879094,
    0.06324834900178791,
    0.03520810863440495,
    0.018937515083833803,
    0.008255899710786977,
    0.00663568526109019,
    0.0049687893759091896,
    0.0024938829360835416,
    0.0020463592775557334,
    0.0015767448246487852,
    0.0012521752064399724,
    0.000762236103384981,
    0.0005262939732377399,
    0.0004560792869548766,
    0.0004177194674006095,
    0.00034352399478217535,
    0.0003062000497371333,
    0.00021902270927212113,
    0.00017086477939466953,
    0.00014489285453494813,
    0.000125286839785463,
    0.00010652709833715135,
    9.651707947407838e-05,
    8.215308713791158e-05,
    7.016689416523366e-05,
    6.605698632251367e-05,
    5.546069941496988e-05,
    4.9405833469599814e-05,
    4.3068067200479246e-05,
    3.928701485835487e-05,
    3.438228938528492e-05,
    3.142421320937678e-05,
    2.833929409690544e-05,
    2.7371030405494165e-05,
    2.3226870187315303e-05
  ],
  "eigvals_within": [
    20.029341711052467,
    10.785070264730127,
    8.929063091273395,
    8.279363610427291,
    2.973986265052927,
    1.1163149454602173,
    0.4857458865259132,
    0.2748004964534879,
    0.1225689872855944,
    0.09064950971501554,
    0.04622520392374073,
    0.04150646458720472,
    0.02902558681119386,
    0.024231855627955365,
    0.01639754876466091,
    0.01618860056403959,
    0.0125328957105737,
    0.011410563372718646,
    0.010622443151203266,
    0.009853638068259951,
    0.007350008357872124,
    0.005825840047586873,
    0.00534923509551752,
    0.004451866606827037,
    0.004046651993937491,
    0.003613104842694522,
    0.003511340274699753,
    0.0030266212810319583,
    0.002841705467001435,
    0.0024608513037358165,
    0.002216967914036812,
    0.0019391740902072415,
    0.0016967053803002066,
    0.0015637072974489107,
    0.0013095115877605206,
    0.0012296031078178065,
    0.0011123792822052031,
    0.0010542398296360066,
    0.0009454798661051487,
    0.0008810781206733115
  ],
  "eff_rank_total": 4.654822508248653,
  "eff_rank_subject": 2.577731875810453,
  "eff_rank_within": 5.253721176721628,
  "principal_angles_deg": {
    "k=1": [
      21.734770203085215
    ],
    "k=2": [
      36.803985183483086,
      4.433011559776567
    ],
    "k=5": [
      74.58061913516582,
      4.505117121335216,
      3.1040138524226513,
      1.496294079050829,
      0.8619627311262101
    ],
    "k=10": [
      74.06043715154014,
      17.67592218158518,
      8.945166249247427,
      3.7796403094159063,
      2.4134560383033246,
      2.03345728340824,
      0.8678244930078428,
      0.7380788102694289,
      0.30236711607920974,
      0.2739865372221282
    ]
  },
  "checkpoint": "/u/dtyoung/eb_jepa_eeg/checkpoints/eeg_jepa/dev_2026-04-10_16-04/eeg_jepa_bs64_lr0.0005_sigreg0.1_nw2_ws1s_seed2025/latest.pth.tar",
  "run_name": "eeg_jepa_bs64_lr0.0005_sigreg0.1_nw2_ws1s_seed2025",
  "split": "val",
  "n_windows": 2,
  "window_size_seconds": 1,
  "n_clips_per_rec": 32,
  "embed_dim": 64,
  "encoder_depth": 2
}