{
  "S": 293,
  "K": 32,
  "D": 64,
  "var_total": 1.1864094734191895,
  "var_subject": 0.22985896468162537,
  "var_within": 0.9565505087375641,
  "eta_sq": 0.1937433658711272,
  "var_stimulus": 0.007073652930557728,
  "var_residual": 0.9494768558070064,
  "eta_sq_stimulus": 0.005962235711226845,
  "stim_frac_of_within": 0.007394960188661016,
  "trace_identity_residual": 7.4854731906492165e-16,
  "eigvals_total": [
    0.485678949650617,
    0.3903237623871828,
    0.24032528758594318,
    0.03957241926417791,
    0.009543252831371071,
    0.004801582560692021,
    0.003938003446146156,
    0.002957020107120133,
    0.0020475576533244837,
    0.0010200371680184352,
    0.0007573480397125095,
    0.0006773538187057933,
    0.00046630073570157887,
    0.00044883799344261815,
    0.000388000525515073,
    0.0003629188844081831,
    0.0003281524022639641,
    0.00029328213758250796,
    0.00025211342696157047,
    0.00023949817666905367,
    0.0002176413423503764,
    0.00018873985818423377,
    0.00017277710778099343,
    0.0001620287011226704,
    0.00014410885502396683,
    0.0001263753521583286,
    0.00010090437742469232,
    8.857777510678852e-05,
    8.281681882794036e-05,
    7.610527382765771e-05,
    6.814185792547447e-05,
    6.419971699581573e-05,
    6.17584379908923e-05,
    5.4982021972253406e-05,
    4.6647048158277776e-05,
    4.493791207890418e-05,
    4.1533085357113654e-05,
    3.518205953199615e-05,
    3.147639876557499e-05,
    3.0508843374777367e-05
  ],
  "eigvals_subject": [
    0.17577967477650683,
    0.03010008856642228,
    0.01384506661933322,
    0.0069662923603278915,
    0.0013646319167697572,
    0.0008162415828292882,
    0.0002944865616907576,
    0.00023228459997849264,
    0.00012649531614559529,
    8.247631317122493e-05,
    4.942331381613423e-05,
    3.958566345747153e-05,
    3.4276972596127505e-05,
    2.4172031252066187e-05,
    1.9102399230925728e-05,
    1.7930024518557326e-05,
    1.6249196478003138e-05,
    1.3305667339677617e-05,
    9.249470585102731e-06,
    7.029046177055029e-06,
    6.125634631846565e-06,
    5.4960543051631355e-06,
    4.637309632202185e-06,
    3.8701151103936395e-06,
    3.2146308332415078e-06,
    2.6919088240676566e-06,
    2.299597921085014e-06,
    1.9384200345478605e-06,
    1.758675578022386e-06,
    1.6975251865173782e-06,
    1.3660787653845226e-06,
    1.231732379361396e-06,
    1.0928361373008543e-06,
    9.361972662651978e-07,
    8.603706210281997e-07,
    8.236938141510161e-07,
    7.509277878196115e-07,
    6.186923251803896e-07,
    5.156443465437557e-07,
    5.045547635970991e-07
  ],
  "eigvals_within": [
    0.47085294366753705,
    0.37932687849849456,
    0.06594250178304284,
    0.01535446566111777,
    0.007617835351672868,
    0.0045954753490655585,
    0.0029536176658516954,
    0.0018699342802731098,
    0.001674006083170535,
    0.0009059128050469115,
    0.0006867062699864384,
    0.0005037009960806606,
    0.0004445147879616342,
    0.0004082946364269114,
    0.00035292899837999984,
    0.0003112075508257692,
    0.0002697921290242035,
    0.00024379073801445152,
    0.00023895872030182236,
    0.00022180182070558882,
    0.00019334376109194975,
    0.00017092734635605758,
    0.00015559850791355823,
    0.00015064256561861646,
    0.00011543578961294872,
    0.000102961461852736,
    8.744473602983864e-05,
    8.155476251909722e-05,
    7.444354912280885e-05,
    6.859039703640526e-05,
    5.9693983305228155e-05,
    5.710806961662066e-05,
    5.52010209125451e-05,
    4.824652198516191e-05,
    4.217264352342063e-05,
    4.159786708240624e-05,
    3.649143616270584e-05,
    2.9272282093910656e-05,
    2.8460743654192074e-05,
    2.6584042210071333e-05
  ],
  "eff_rank_total": 3.763012402013475,
  "eff_rank_subject": 2.295232433849642,
  "eff_rank_within": 3.0859121534790526,
  "principal_angles_deg": {
    "k=1": [
      86.99070794613102
    ],
    "k=2": [
      89.00712459595026,
      65.17693919274416
    ],
    "k=5": [
      37.978225948778174,
      14.03644337882244,
      2.095563851847943,
      1.6940334541125832,
      0.9698817751070121
    ],
    "k=10": [
      68.9047842868371,
      64.6727095902147,
      40.12911648255142,
      12.346776287443051,
      9.153117262498464,
      6.645815118515092,
      2.2824047159506664,
      1.145549472205833,
      0.8813133728031517,
      0.7133621062986758
    ]
  },
  "checkpoint": "/u/dtyoung/eb_jepa_eeg/checkpoints/eeg_jepa/dev_2026-04-12_20-42/eeg_jepa_bs32_lr0.0005_std1.0_cov1.0_nw4_ws4s_seed2025/latest.pth.tar",
  "run_name": "eeg_jepa_bs32_lr0.0005_std1.0_cov1.0_nw4_ws4s_seed2025",
  "split": "val",
  "n_windows": 4,
  "window_size_seconds": 4,
  "n_clips_per_rec": 32,
  "embed_dim": 64,
  "encoder_depth": 2
}