{
  "S": 293,
  "K": 32,
  "D": 64,
  "var_total": 4.240468502044678,
  "var_subject": 1.0296320915222168,
  "var_within": 3.210836410522461,
  "eta_sq": 0.24281092785519964,
  "var_stimulus": 0.02382633462548256,
  "var_residual": 3.1870100758969784,
  "eta_sq_stimulus": 0.005618797690395278,
  "stim_frac_of_within": 0.007420600609672787,
  "trace_identity_residual": 2.094305614508901e-16,
  "eigvals_total": [
    1.6282122016286245,
    1.2854907293319657,
    1.0469719600827945,
    0.1888495813719938,
    0.04519745571390098,
    0.014401870878985836,
    0.007941927793423634,
    0.005311258815368224,
    0.00331658779084162,
    0.0024394092593554937,
    0.0021500526156686046,
    0.0013877834872296165,
    0.001210542498840776,
    0.0010979687785164676,
    0.0009885519198883923,
    0.000806606595107698,
    0.0007279602791478689,
    0.0005356832218198569,
    0.00042004276150380487,
    0.000356545904477586,
    0.000300499926091617,
    0.0002572579056754413,
    0.0002401973655215854,
    0.0002310895430872003,
    0.00019722521810739863,
    0.0001847417458599547,
    0.0001489093116316134,
    0.00014219999889234758,
    0.0001298494568766573,
    0.00011577006394794858,
    0.00010197398252381217,
    9.6784626942573e-05,
    8.680926003999132e-05,
    8.318796245890298e-05,
    6.819917548751367e-05,
    6.396279749389309e-05,
    6.060316288775601e-05,
    5.5420717561729126e-05,
    5.0088883687544755e-05,
    4.7586568021077014e-05
  ],
  "eigvals_subject": [
    0.8949426142249697,
    0.0925664626876111,
    0.02566865140827962,
    0.012229464853814077,
    0.0018767163671418218,
    0.0012127305865743663,
    0.0003695400224304741,
    0.00024859214081887984,
    9.74378126822595e-05,
    8.646940950340439e-05,
    6.8261194858157e-05,
    5.569777569391858e-05,
    5.311088485910822e-05,
    3.607242045326243e-05,
    2.8385842670361902e-05,
    2.6381876148280012e-05,
    2.3523741398125813e-05,
    2.033824256723579e-05,
    1.9019228139357644e-05,
    1.4941160962881477e-05,
    1.1481391251547952e-05,
    1.0465566670729865e-05,
    8.765536708932273e-06,
    7.669657634487135e-06,
    7.387217401740188e-06,
    6.3264258726195825e-06,
    5.439190692064349e-06,
    4.758935794637031e-06,
    4.14078789548071e-06,
    3.5092078555007502e-06,
    3.1516435607907252e-06,
    2.6744642855658594e-06,
    2.4151611345583184e-06,
    2.339919514486072e-06,
    1.892641178007725e-06,
    1.6581711776087778e-06,
    1.5534512788270456e-06,
    1.3636526381335287e-06,
    1.197555215306623e-06,
    1.1008157061590132e-06
  ],
  "eigvals_within": [
    1.4083512807017267,
    1.1288318973128095,
    0.49117675606061834,
    0.0965196016277802,
    0.04307073774466417,
    0.013685635615709856,
    0.007564432538672481,
    0.004818229439894088,
    0.003017057348061393,
    0.0023134470229022085,
    0.0019253044149266654,
    0.0012594488376814648,
    0.0011210303278822845,
    0.001053252484080545,
    0.0009165421217924059,
    0.0007313774838531355,
    0.0006796988126706564,
    0.0005075607992554177,
    0.0003868983858786574,
    0.0003387690020111351,
    0.0002771434593348407,
    0.00024321072374843973,
    0.00023039464692407245,
    0.00021572868890423232,
    0.0001797210228861963,
    0.00017547985709732037,
    0.00014185260888852915,
    0.00013502694253061704,
    0.00011532718057550747,
    0.00010783747124441302,
    9.61068694340515e-05,
    8.848495048792373e-05,
    8.203390215771842e-05,
    7.895653846967303e-05,
    6.317338210127957e-05,
    5.9674862291535794e-05,
    5.541442481450271e-05,
    5.241341299507379e-05,
    4.7434831877116976e-05,
    4.519728314573827e-05
  ],
  "eff_rank_total": 3.8095366408575866,
  "eff_rank_subject": 1.6715047647246561,
  "eff_rank_within": 3.5612596824984295,
  "principal_angles_deg": {
    "k=1": [
      77.21828312767943
    ],
    "k=2": [
      86.74392928605772,
      63.62340324414881
    ],
    "k=5": [
      7.15514470915843,
      4.358631442691793,
      2.495245839439029,
      1.653003105742925,
      0.47483496174425466
    ],
    "k=10": [
      71.39625251321443,
      58.306723517893936,
      30.1305953419261,
      16.627492284400713,
      8.334212325542406,
      2.7674505310448487,
      1.1491227714964718,
      0.8819391470834104,
      0.727802772888996,
      0.1999178119985152
    ]
  },
  "checkpoint": "/projects/bbnv/kkokate/eb_jepa_eeg/checkpoints/eeg_jepa/dev_2026-04-20_14-29/eeg_jepa_bs64_lr0.0005_std0.25_cov0.25_nw4_ws2s_seed2025/best.pth.tar",
  "run_name": "eeg_jepa_bs64_lr0.0005_std0.25_cov0.25_nw4_ws2s_seed2025",
  "split": "val",
  "n_windows": 4,
  "window_size_seconds": 2,
  "n_clips_per_rec": 32,
  "embed_dim": 64,
  "encoder_depth": 2
}