{
  "random_baseline": false,
  "split": "test",
  "n_recordings": 108,
  "n_windows_total": 10908,
  "encoder_dim": 1024,
  "features": {
    "luminance_mean": {
      "r2_mean": 0.02734934091567993,
      "r2_std": 0.02699071217514488,
      "n": 10908
    },
    "contrast_rms": {
      "r2_mean": 0.024975800514221193,
      "r2_std": 0.016750550140626055,
      "n": 10908
    },
    "edge_density": {
      "r2_mean": 0.010721814632415772,
      "r2_std": 0.008213161096148235,
      "n": 10908
    },
    "saturation_mean": {
      "r2_mean": 0.022919106483459472,
      "r2_std": 0.020399426156139953,
      "n": 10908
    },
    "entropy": {
      "r2_mean": 0.02806217670440674,
      "r2_std": 0.014162975131196607,
      "n": 10908
    },
    "motion_energy": {
      "r2_mean": 0.023442375659942626,
      "r2_std": 0.007785846390502863,
      "n": 10908
    },
    "n_faces": {
      "r2_mean": 0.008991336822509766,
      "r2_std": 0.003570519944854389,
      "n": 10908
    },
    "face_area_frac": {
      "r2_mean": 0.0033450603485107424,
      "r2_std": 0.005089798348877913,
      "n": 10908
    },
    "depth_mean": {
      "r2_mean": 0.009266602993011474,
      "r2_std": 0.005183738223784036,
      "n": 10908
    },
    "scene_natural_score": {
      "r2_mean": 0.010770392417907716,
      "r2_std": 0.007733743764183751,
      "n": 10908
    },
    "position_in_movie": {
      "r2_mean": 0.023162198066711426,
      "r2_std": 0.034138325296985156,
      "n": 10908
    },
    "narrative_event_score": {
      "r2_mean": 0.005678832530975342,
      "r2_std": 0.0064161932762048105,
      "n": 10908
    }
  }
}