{
  "random_baseline": true,
  "split": "val",
  "n_recordings": 293,
  "n_windows_total": 29593,
  "encoder_dim": 1024,
  "features": {
    "luminance_mean": {
      "r2_mean": 0.03932187557220459,
      "r2_std": 0.02066578165686483,
      "n": 29593
    },
    "contrast_rms": {
      "r2_mean": 0.02914271354675293,
      "r2_std": 0.019578408328144347,
      "n": 29593
    },
    "edge_density": {
      "r2_mean": 0.008128082752227784,
      "r2_std": 0.005358602107154424,
      "n": 29593
    },
    "saturation_mean": {
      "r2_mean": 0.0390110969543457,
      "r2_std": 0.01794197184086451,
      "n": 29593
    },
    "entropy": {
      "r2_mean": 0.04529945850372315,
      "r2_std": 0.018720120811692293,
      "n": 29593
    },
    "motion_energy": {
      "r2_mean": 0.004567503929138184,
      "r2_std": 0.003849368943748687,
      "n": 29593
    },
    "n_faces": {
      "r2_mean": 0.005763638019561768,
      "r2_std": 0.001054980795987744,
      "n": 29593
    },
    "face_area_frac": {
      "r2_mean": 0.011163198947906494,
      "r2_std": 0.002808356393940193,
      "n": 29593
    },
    "depth_mean": {
      "r2_mean": 0.004395592212677002,
      "r2_std": 0.0018583501986537598,
      "n": 29593
    },
    "scene_natural_score": {
      "r2_mean": 0.018060517311096192,
      "r2_std": 0.005834113964791585,
      "n": 29593
    },
    "position_in_movie": {
      "r2_mean": 0.019570136070251466,
      "r2_std": 0.02415122137421908,
      "n": 29593
    },
    "narrative_event_score": {
      "r2_mean": 0.0031427383422851563,
      "r2_std": 0.0015393496965684325,
      "n": 29593
    }
  }
}