{
  "random_baseline": false,
  "split": "val",
  "n_recordings": 293,
  "n_windows_total": 29593,
  "encoder_dim": 1024,
  "features": {
    "luminance_mean": {
      "r2_mean": 0.04056484699249267,
      "r2_std": 0.016473096039544933,
      "n": 29593
    },
    "contrast_rms": {
      "r2_mean": 0.036768126487731936,
      "r2_std": 0.015403277051459328,
      "n": 29593
    },
    "edge_density": {
      "r2_mean": 0.009660828113555908,
      "r2_std": 0.003581591456225454,
      "n": 29593
    },
    "saturation_mean": {
      "r2_mean": 0.04035996198654175,
      "r2_std": 0.014840690192124462,
      "n": 29593
    },
    "entropy": {
      "r2_mean": 0.049444925785064694,
      "r2_std": 0.015354646055953226,
      "n": 29593
    },
    "motion_energy": {
      "r2_mean": 0.006759786605834961,
      "r2_std": 0.005288371849721448,
      "n": 29593
    },
    "n_faces": {
      "r2_mean": 0.0037001967430114746,
      "r2_std": 0.0027081744785297916,
      "n": 29593
    },
    "face_area_frac": {
      "r2_mean": 0.009373271465301513,
      "r2_std": 0.0010904969648229063,
      "n": 29593
    },
    "depth_mean": {
      "r2_mean": 0.004619824886322022,
      "r2_std": 0.0029902863600029944,
      "n": 29593
    },
    "scene_natural_score": {
      "r2_mean": 0.01466306447982788,
      "r2_std": 0.00507142121904837,
      "n": 29593
    },
    "position_in_movie": {
      "r2_mean": 0.026263558864593507,
      "r2_std": 0.021727073024813158,
      "n": 29593
    },
    "narrative_event_score": {
      "r2_mean": 0.00238645076751709,
      "r2_std": 0.0010330802506845409,
      "n": 29593
    }
  }
}