{
  "random_baseline": false,
  "split": "val",
  "n_recordings": 293,
  "n_windows_total": 29593,
  "encoder_dim": 1024,
  "features": {
    "luminance_mean": {
      "r2_mean": 0.06324323415756225,
      "r2_std": 0.016185820761753032,
      "n": 29593
    },
    "contrast_rms": {
      "r2_mean": 0.0569513201713562,
      "r2_std": 0.015256884778329146,
      "n": 29593
    },
    "edge_density": {
      "r2_mean": 0.02032703161239624,
      "r2_std": 0.003061576019857069,
      "n": 29593
    },
    "saturation_mean": {
      "r2_mean": 0.06957941055297852,
      "r2_std": 0.014219085195653191,
      "n": 29593
    },
    "entropy": {
      "r2_mean": 0.07470923662185669,
      "r2_std": 0.01556038974806928,
      "n": 29593
    },
    "motion_energy": {
      "r2_mean": 0.04311511516571045,
      "r2_std": 0.012575502382995101,
      "n": 29593
    },
    "n_faces": {
      "r2_mean": 0.017283320426940918,
      "r2_std": 0.004497479861841408,
      "n": 29593
    },
    "face_area_frac": {
      "r2_mean": 0.01924724578857422,
      "r2_std": 0.003731734473627978,
      "n": 29593
    },
    "depth_mean": {
      "r2_mean": 0.023082268238067628,
      "r2_std": 0.007307819220050657,
      "n": 29593
    },
    "scene_natural_score": {
      "r2_mean": 0.033463919162750246,
      "r2_std": 0.006316161302192946,
      "n": 29593
    },
    "position_in_movie": {
      "r2_mean": 0.04497033357620239,
      "r2_std": 0.02132572648664232,
      "n": 29593
    },
    "narrative_event_score": {
      "r2_mean": 0.017278337478637697,
      "r2_std": 0.00665707636365287,
      "n": 29593
    }
  }
}